Year,State/Country,Educational attainment, Employed Person ('000) 
1982,Malaysia,Total,5249
1983,Malaysia,Total,5457
1984,Malaysia,Total,5566.7
1985,Malaysia,Total,5653.4
1986,Malaysia,Total,5760.1
1987,Malaysia,Total,5983.9
1988,Malaysia,Total,6157.2
1989,Malaysia,Total,6390.9
1990,Malaysia,Total,6685
1992,Malaysia,Total,7047.8
1993,Malaysia,Total,7383.4
1995,Malaysia,Total,7645
1996,Malaysia,Total,8399.3
1997,Malaysia,Total,8569.2
1998,Malaysia,Total,8599.6
1999,Malaysia,Total,8837.8
2000,Malaysia,Total,9269.2
2001,Malaysia,Total,9357
2002,Malaysia,Total,9542.6
2003,Malaysia,Total,9869.7
2004,Malaysia,Total,9979.5
2005,Malaysia,Total,10045.4
2006,Malaysia,Total,10275.4
2007,Malaysia,Total,10538.1
2008,Malaysia,Total,10659.6
2009,Malaysia,Total,10897.3
2010,Malaysia,Total,11899.5
2011,Malaysia,Total,12351.5
2012,Malaysia,Total,12820.5
2013,Malaysia,Total,13545.4
2014,Malaysia,Total,13852.6
2015,Malaysia,Total,14067.7
1982,Johor,Total,630.2
1983,Johor,Total,623.7
1984,Johor,Total,657.3
1985,Johor,Total,672.7
1986,Johor,Total,700.4
1987,Johor,Total,732.7
1988,Johor,Total,792
1989,Johor,Total,822.3
1990,Johor,Total,914.1
1992,Johor,Total,926
1993,Johor,Total,974.3
1995,Johor,Total,891.8
1996,Johor,Total,996.7
1997,Johor,Total,1058.4
1998,Johor,Total,1027
1999,Johor,Total,1029
2000,Johor,Total,1195.4
2001,Johor,Total,1235.9
2002,Johor,Total,1222.3
2003,Johor,Total,1269.1
2004,Johor,Total,1232.6
2005,Johor,Total,1237.1
2006,Johor,Total,1258.1
2007,Johor,Total,1286.7
2008,Johor,Total,1283.8
2009,Johor,Total,1306.3
2010,Johor,Total,1418.8
2011,Johor,Total,1461.9
2012,Johor,Total,1481.5
2013,Johor,Total,1553.4
2014,Johor,Total,1579.7
2015,Johor,Total,1582.6
1982,Kedah,Total,389
1983,Kedah,Total,373.6
1984,Kedah,Total,417.6
1985,Kedah,Total,413.8
1986,Kedah,Total,418
1987,Kedah,Total,420.1
1988,Kedah,Total,459.3
1989,Kedah,Total,443.3
1990,Kedah,Total,467.6
1992,Kedah,Total,495
1993,Kedah,Total,475.1
1995,Kedah,Total,521.1
1996,Kedah,Total,535.9
1997,Kedah,Total,601.3
1998,Kedah,Total,567.3
1999,Kedah,Total,678.7
2000,Kedah,Total,626.5
2001,Kedah,Total,701.1
2002,Kedah,Total,645.1
2003,Kedah,Total,657.7
2004,Kedah,Total,654.5
2005,Kedah,Total,652.8
2006,Kedah,Total,656.8
2007,Kedah,Total,670.4
2008,Kedah,Total,676
2009,Kedah,Total,701.5
2010,Kedah,Total,725.7
2011,Kedah,Total,743.4
2012,Kedah,Total,786.9
2013,Kedah,Total,842.3
2014,Kedah,Total,859.8
2015,Kedah,Total,881.6
1982,Kelantan,Total,304.3
1983,Kelantan,Total,282.5
1984,Kelantan,Total,322.3
1985,Kelantan,Total,323.6
1986,Kelantan,Total,340.2
1987,Kelantan,Total,350.5
1988,Kelantan,Total,363.4
1989,Kelantan,Total,363.8
1990,Kelantan,Total,377.7
1992,Kelantan,Total,382.5
1993,Kelantan,Total,394.4
1995,Kelantan,Total,412.7
1996,Kelantan,Total,445.5
1997,Kelantan,Total,413.7
1998,Kelantan,Total,430.7
1999,Kelantan,Total,436.8
2000,Kelantan,Total,425.7
2001,Kelantan,Total,434.3
2002,Kelantan,Total,422.7
2003,Kelantan,Total,475.7
2004,Kelantan,Total,436.6
2005,Kelantan,Total,438.8
2006,Kelantan,Total,458.4
2007,Kelantan,Total,473.1
2008,Kelantan,Total,486.4
2009,Kelantan,Total,505.2
2010,Kelantan,Total,534.2
2011,Kelantan,Total,544.6
2012,Kelantan,Total,578.7
2013,Kelantan,Total,602.7
2014,Kelantan,Total,625.2
2015,Kelantan,Total,652.1
1982,Melaka,Total,167.2
1983,Melaka,Total,165.5
1984,Melaka,Total,162.5
1985,Melaka,Total,170.1
1986,Melaka,Total,169.8
1987,Melaka,Total,176.7
1988,Melaka,Total,175.4
1989,Melaka,Total,185.9
1990,Melaka,Total,180
1992,Melaka,Total,207.4
1993,Melaka,Total,218.5
1995,Melaka,Total,222.8
1996,Melaka,Total,237
1997,Melaka,Total,257.1
1998,Melaka,Total,242.4
1999,Melaka,Total,243.1
2000,Melaka,Total,253.5
2001,Melaka,Total,267.7
2002,Melaka,Total,229.3
2003,Melaka,Total,272.7
2004,Melaka,Total,265.1
2005,Melaka,Total,271.1
2006,Melaka,Total,273.1
2007,Melaka,Total,284.3
2008,Melaka,Total,286.8
2009,Melaka,Total,284
2010,Melaka,Total,335.1
2011,Melaka,Total,340.8
2012,Melaka,Total,357
2013,Melaka,Total,375.5
2014,Melaka,Total,394.9
2015,Melaka,Total,398.3
1982,Negeri Sembilan,Total,216.3
1983,Negeri Sembilan,Total,215
1984,Negeri Sembilan,Total,223.3
1985,Negeri Sembilan,Total,210.8
1986,Negeri Sembilan,Total,213.5
1987,Negeri Sembilan,Total,221.7
1988,Negeri Sembilan,Total,228
1989,Negeri Sembilan,Total,229.3
1990,Negeri Sembilan,Total,216
1992,Negeri Sembilan,Total,251.4
1993,Negeri Sembilan,Total,284.4
1995,Negeri Sembilan,Total,296.2
1996,Negeri Sembilan,Total,319.3
1997,Negeri Sembilan,Total,307.6
1998,Negeri Sembilan,Total,304.4
1999,Negeri Sembilan,Total,274.8
2000,Negeri Sembilan,Total,347.4
2001,Negeri Sembilan,Total,351.3
2002,Negeri Sembilan,Total,324.8
2003,Negeri Sembilan,Total,340
2004,Negeri Sembilan,Total,360.3
2005,Negeri Sembilan,Total,372.8
2006,Negeri Sembilan,Total,378.7
2007,Negeri Sembilan,Total,381.6
2008,Negeri Sembilan,Total,387.1
2009,Negeri Sembilan,Total,386.5
2010,Negeri Sembilan,Total,405.4
2011,Negeri Sembilan,Total,416.1
2012,Negeri Sembilan,Total,442.1
2013,Negeri Sembilan,Total,464.1
2014,Negeri Sembilan,Total,466.5
2015,Negeri Sembilan,Total,468.7
1982,Pahang,Total,270.2
1983,Pahang,Total,333.5
1984,Pahang,Total,306.9
1985,Pahang,Total,327.8
1986,Pahang,Total,315.4
1987,Pahang,Total,335.9
1988,Pahang,Total,351.5
1989,Pahang,Total,379.1
1990,Pahang,Total,428.8
1992,Pahang,Total,417
1993,Pahang,Total,378.7
1995,Pahang,Total,371.4
1996,Pahang,Total,406.2
1997,Pahang,Total,395.4
1998,Pahang,Total,364.9
1999,Pahang,Total,384.4
2000,Pahang,Total,446.8
2001,Pahang,Total,437.8
2002,Pahang,Total,406.9
2003,Pahang,Total,460
2004,Pahang,Total,526.2
2005,Pahang,Total,524.7
2006,Pahang,Total,557.4
2007,Pahang,Total,561.9
2008,Pahang,Total,589.8
2009,Pahang,Total,603.7
2010,Pahang,Total,591
2011,Pahang,Total,608.4
2012,Pahang,Total,633.1
2013,Pahang,Total,659.8
2014,Pahang,Total,683.2
2015,Pahang,Total,697.5
1982,Pulau Pinang,Total,382.3
1983,Pulau Pinang,Total,404.8
1984,Pulau Pinang,Total,383.7
1985,Pulau Pinang,Total,388.1
1986,Pulau Pinang,Total,391.4
1987,Pulau Pinang,Total,404.8
1988,Pulau Pinang,Total,398.9
1989,Pulau Pinang,Total,436.3
1990,Pulau Pinang,Total,457.2
1992,Pulau Pinang,Total,512.6
1993,Pulau Pinang,Total,531
1995,Pulau Pinang,Total,485.8
1996,Pulau Pinang,Total,449.4
1997,Pulau Pinang,Total,552
1998,Pulau Pinang,Total,585.2
1999,Pulau Pinang,Total,602.9
2000,Pulau Pinang,Total,669.2
2001,Pulau Pinang,Total,714.9
2002,Pulau Pinang,Total,643.1
2003,Pulau Pinang,Total,674.4
2004,Pulau Pinang,Total,625
2005,Pulau Pinang,Total,621.5
2006,Pulau Pinang,Total,647.7
2007,Pulau Pinang,Total,653.5
2008,Pulau Pinang,Total,674.9
2009,Pulau Pinang,Total,689.8
2010,Pulau Pinang,Total,742.3
2011,Pulau Pinang,Total,772.8
2012,Pulau Pinang,Total,779.8
2013,Pulau Pinang,Total,811.9
2014,Pulau Pinang,Total,839.2
2015,Pulau Pinang,Total,834.2
1982,Perak,Total,604
1983,Perak,Total,669.2
1984,Perak,Total,659.6
1985,Perak,Total,669.6
1986,Perak,Total,669.9
1987,Perak,Total,670.5
1988,Perak,Total,656.7
1989,Perak,Total,686.7
1990,Perak,Total,678.2
1992,Perak,Total,692.9
1993,Perak,Total,669.8
1995,Perak,Total,634.3
1996,Perak,Total,723
1997,Perak,Total,744.2
1998,Perak,Total,685
1999,Perak,Total,684.5
2000,Perak,Total,744.1
2001,Perak,Total,730.7
2002,Perak,Total,788.3
2003,Perak,Total,734.6
2004,Perak,Total,791
2005,Perak,Total,801.2
2006,Perak,Total,815.9
2007,Perak,Total,852.2
2008,Perak,Total,858.9
2009,Perak,Total,891.6
2010,Perak,Total,878.7
2011,Perak,Total,919.7
2012,Perak,Total,927.1
2013,Perak,Total,947.8
2014,Perak,Total,954.1
2015,Perak,Total,981.8
1982,Perlis,Total,55.7
1983,Perlis,Total,63.8
1984,Perlis,Total,61.8
1985,Perlis,Total,60.5
1986,Perlis,Total,57.6
1987,Perlis,Total,60.6
1988,Perlis,Total,65.5
1989,Perlis,Total,66.3
1990,Perlis,Total,57.1
1992,Perlis,Total,66.9
1993,Perlis,Total,70.7
1995,Perlis,Total,70.8
1996,Perlis,Total,70.1
1997,Perlis,Total,70.1
1998,Perlis,Total,71
1999,Perlis,Total,78.5
2000,Perlis,Total,74.8
2001,Perlis,Total,82.9
2002,Perlis,Total,57
2003,Perlis,Total,76.6
2004,Perlis,Total,73.8
2005,Perlis,Total,74
2006,Perlis,Total,74.5
2007,Perlis,Total,80
2008,Perlis,Total,81.5
2009,Perlis,Total,81.5
2010,Perlis,Total,80.9
2011,Perlis,Total,83.3
2012,Perlis,Total,87.1
2013,Perlis,Total,94.3
2014,Perlis,Total,95.2
2015,Perlis,Total,98.2
1982,Selangor,Total,676.9
1983,Selangor,Total,739.9
1984,Selangor,Total,690.3
1985,Selangor,Total,706.1
1986,Selangor,Total,777.1
1987,Selangor,Total,865
1988,Selangor,Total,892.9
1989,Selangor,Total,900.3
1990,Selangor,Total,1039.4
1992,Selangor,Total,1069.6
1993,Selangor,Total,1080.1
1995,Selangor,Total,1338.9
1996,Selangor,Total,1359
1997,Selangor,Total,1329.9
1998,Selangor,Total,1430.4
1999,Selangor,Total,1427.2
2000,Selangor,Total,1681.4
2001,Selangor,Total,1512.4
2002,Selangor,Total,1749.9
2003,Selangor,Total,1833.5
2004,Selangor,Total,1973.3
2005,Selangor,Total,1985.9
2006,Selangor,Total,2017.7
2007,Selangor,Total,2064.2
2008,Selangor,Total,2092
2009,Selangor,Total,2095.3
2010,Selangor,Total,2551.1
2011,Selangor,Total,2645.2
2012,Selangor,Total,2776.1
2013,Selangor,Total,2933.3
2014,Selangor,Total,3033.6
2015,Selangor,Total,3135
1982,Terengganu,Total,221.1
1983,Terengganu,Total,236.9
1984,Terengganu,Total,204.4
1985,Terengganu,Total,212.4
1986,Terengganu,Total,218.4
1987,Terengganu,Total,208.9
1988,Terengganu,Total,229.8
1989,Terengganu,Total,229.9
1990,Terengganu,Total,227.6
1992,Terengganu,Total,252.9
1993,Terengganu,Total,280.9
1995,Terengganu,Total,268
1996,Terengganu,Total,298
1997,Terengganu,Total,282.3
1998,Terengganu,Total,293.5
1999,Terengganu,Total,300.1
2000,Terengganu,Total,306
2001,Terengganu,Total,298.6
2002,Terengganu,Total,279.6
2003,Terengganu,Total,344.9
2004,Terengganu,Total,336.9
2005,Terengganu,Total,342
2006,Terengganu,Total,351.5
2007,Terengganu,Total,363
2008,Terengganu,Total,375.5
2009,Terengganu,Total,390.3
2010,Terengganu,Total,366.6
2011,Terengganu,Total,390.3
2012,Terengganu,Total,389.6
2013,Terengganu,Total,407
2014,Terengganu,Total,414.9
2015,Terengganu,Total,420.5
1982,Sabah,Total,343.6
1983,Sabah,Total,377.7
1984,Sabah,Total,400.3
1985,Sabah,Total,403.4
1986,Sabah,Total,405.5
1987,Sabah,Total,424.3
1988,Sabah,Total,424.6
1989,Sabah,Total,442.3
1990,Sabah,Total,436.9
1992,Sabah,Total,491.5
1993,Sabah,Total,674
1995,Sabah,Total,722.7
1996,Sabah,Total,992.5
1997,Sabah,Total,1000.1
1998,Sabah,Total,1068.3
1999,Sabah,Total,1101.8
2000,Sabah,Total,933.8
2001,Sabah,Total,979.1
2002,Sabah,Total,1028.8
2003,Sabah,Total,1073.1
2004,Sabah,Total,1081.7
2005,Sabah,Total,1106.8
2006,Sabah,Total,1160.2
2007,Sabah,Total,1198.6
2008,Sabah,Total,1230.5
2009,Sabah,Total,1270.6
2010,Sabah,Total,1398.6
2011,Sabah,Total,1474.4
2012,Sabah,Total,1537.4
2013,Sabah,Total,1706
2014,Sabah,Total,1740.9
2015,Sabah,Total,1771.1
1982,Sarawak,Total,524.7
1983,Sarawak,Total,540.1
1984,Sarawak,Total,575.3
1985,Sarawak,Total,587.5
1986,Sarawak,Total,614.3
1987,Sarawak,Total,642
1988,Sarawak,Total,637.1
1989,Sarawak,Total,687.1
1990,Sarawak,Total,698.9
1992,Sarawak,Total,711.3
1993,Sarawak,Total,753.8
1995,Sarawak,Total,789.2
1996,Sarawak,Total,831.5
1997,Sarawak,Total,831.5
1998,Sarawak,Total,824.3
1999,Sarawak,Total,865
2000,Sarawak,Total,876.3
2001,Sarawak,Total,877.4
2002,Sarawak,Total,917.7
2003,Sarawak,Total,909.9
2004,Sarawak,Total,918.6
2005,Sarawak,Total,910.9
2006,Sarawak,Total,918.3
2007,Sarawak,Total,954.1
2008,Sarawak,Total,921.7
2009,Sarawak,Total,977.5
2010,Sarawak,Total,1045.6
2011,Sarawak,Total,1058.1
2012,Sarawak,Total,1143.9
2013,Sarawak,Total,1188.5
2014,Sarawak,Total,1232.2
2015,Sarawak,Total,1214.8
1982,W.P. Kuala Lumpur,Total,463.6
1983,W.P. Kuala Lumpur,Total,430.7
1984,W.P. Kuala Lumpur,Total,485.4
1985,W.P. Kuala Lumpur,Total,491.7
1986,W.P. Kuala Lumpur,Total,455
1987,W.P. Kuala Lumpur,Total,457.9
1988,W.P. Kuala Lumpur,Total,469.6
1989,W.P. Kuala Lumpur,Total,504.7
1990,W.P. Kuala Lumpur,Total,490.7
1992,W.P. Kuala Lumpur,Total,555.8
1993,W.P. Kuala Lumpur,Total,580.5
1995,W.P. Kuala Lumpur,Total,588.4
1996,W.P. Kuala Lumpur,Total,697.8
1997,W.P. Kuala Lumpur,Total,691
1998,W.P. Kuala Lumpur,Total,668.3
1999,W.P. Kuala Lumpur,Total,689.7
2000,W.P. Kuala Lumpur,Total,662.8
2001,W.P. Kuala Lumpur,Total,703.7
2002,W.P. Kuala Lumpur,Total,794.1
2003,W.P. Kuala Lumpur,Total,715.1
2004,W.P. Kuala Lumpur,Total,671.7
2005,W.P. Kuala Lumpur,Total,675.2
2006,W.P. Kuala Lumpur,Total,676.6
2007,W.P. Kuala Lumpur,Total,682.1
2008,W.P. Kuala Lumpur,Total,682.2
2009,W.P. Kuala Lumpur,Total,678.1
2010,W.P. Kuala Lumpur,Total,788
2011,W.P. Kuala Lumpur,Total,812.5
2012,W.P. Kuala Lumpur,Total,820.4
2013,W.P. Kuala Lumpur,Total,877.8
2014,W.P. Kuala Lumpur,Total,852
2015,W.P. Kuala Lumpur,Total,853.4
1982,W.P Labuan,Total,
1983,W.P Labuan,Total,
1984,W.P Labuan,Total,16
1985,W.P Labuan,Total,15
1986,W.P Labuan,Total,13.6
1987,W.P Labuan,Total,12.3
1988,W.P Labuan,Total,12.3
1989,W.P Labuan,Total,13.4
1990,W.P Labuan,Total,14.8
1992,W.P Labuan,Total,14.9
1993,W.P Labuan,Total,17.3
1995,W.P Labuan,Total,31.1
1996,W.P Labuan,Total,37.4
1997,W.P Labuan,Total,34.7
1998,W.P Labuan,Total,37
1999,W.P Labuan,Total,41.2
2000,W.P Labuan,Total,25.4
2001,W.P Labuan,Total,27.2
2002,W.P Labuan,Total,32.9
2003,W.P Labuan,Total,31.8
2004,W.P Labuan,Total,32.3
2005,W.P Labuan,Total,30.5
2006,W.P Labuan,Total,30.5
2007,W.P Labuan,Total,32.6
2008,W.P Labuan,Total,32.5
2009,W.P Labuan,Total,35.5
2010,W.P Labuan,Total,37.6
2011,W.P Labuan,Total,38.6
2012,W.P Labuan,Total,39.4
2013,W.P Labuan,Total,40.1
2014,W.P Labuan,Total,40.8
2015,W.P Labuan,Total,39.5
1982,W.P.Putrajaya,Total,
1983,W.P.Putrajaya,Total,
1984,W.P.Putrajaya,Total,
1985,W.P.Putrajaya,Total,
1986,W.P.Putrajaya,Total,
1987,W.P.Putrajaya,Total,
1988,W.P.Putrajaya,Total,
1989,W.P.Putrajaya,Total,
1990,W.P.Putrajaya,Total,
1992,W.P.Putrajaya,Total,
1993,W.P.Putrajaya,Total,
1995,W.P.Putrajaya,Total,
1996,W.P.Putrajaya,Total,
1997,W.P.Putrajaya,Total,
1998,W.P.Putrajaya,Total,
1999,W.P.Putrajaya,Total,
2000,W.P.Putrajaya,Total,
2001,W.P.Putrajaya,Total,
2002,W.P.Putrajaya,Total,
2003,W.P.Putrajaya,Total,
2004,W.P.Putrajaya,Total,
2005,W.P.Putrajaya,Total,
2006,W.P.Putrajaya,Total,
2007,W.P.Putrajaya,Total,
2008,W.P.Putrajaya,Total,
2009,W.P.Putrajaya,Total,
2010,W.P.Putrajaya,Total,
2011,W.P.Putrajaya,Total,41.4
2012,W.P.Putrajaya,Total,40.3
2013,W.P.Putrajaya,Total,40.7
2014,W.P.Putrajaya,Total,40.3
2015,W.P.Putrajaya,Total,38.5
1982,Malaysia, No formal education,830.7
1983,Malaysia, No formal education,818.3
1984,Malaysia, No formal education,829.1
1985,Malaysia, No formal education,796
1986,Malaysia, No formal education,759
1987,Malaysia, No formal education,750.9
1988,Malaysia, No formal education,726.9
1989,Malaysia, No formal education,711
1990,Malaysia, No formal education,657.6
1992,Malaysia, No formal education,645.4
1993,Malaysia, No formal education,615.6
1995,Malaysia, No formal education,666
1996,Malaysia, No formal education,662.4
1997,Malaysia, No formal education,621.9
1998,Malaysia, No formal education,604.4
1999,Malaysia, No formal education,585.1
2000,Malaysia, No formal education,521.8
2001,Malaysia, No formal education,484.4
2002,Malaysia, No formal education,509.6
2003,Malaysia, No formal education,474.8
2004,Malaysia, No formal education,472.1
2005,Malaysia, No formal education,466.8
2006,Malaysia, No formal education,393
2007,Malaysia, No formal education,424.8
2008,Malaysia, No formal education,474.7
2009,Malaysia, No formal education,426
2010,Malaysia, No formal education,436.1
2011,Malaysia, No formal education,401.3
2012,Malaysia, No formal education,399.7
2013,Malaysia, No formal education,417.4
2014,Malaysia, No formal education,383.8
2015,Malaysia, No formal education,431.7
1982,Johor, No formal education,70.8
1983,Johor, No formal education,75.1
1984,Johor, No formal education,64.7
1985,Johor, No formal education,60.3
1986,Johor, No formal education,60.5
1987,Johor, No formal education,66.1
1988,Johor, No formal education,64
1989,Johor, No formal education,59.9
1990,Johor, No formal education,55.6
1992,Johor, No formal education,53.9
1993,Johor, No formal education,43.3
1995,Johor, No formal education,47.8
1996,Johor, No formal education,38
1997,Johor, No formal education,42
1998,Johor, No formal education,31.7
1999,Johor, No formal education,47.5
2000,Johor, No formal education,35.2
2001,Johor, No formal education,42.1
2002,Johor, No formal education,40
2003,Johor, No formal education,39.7
2004,Johor, No formal education,36
2005,Johor, No formal education,33.2
2006,Johor, No formal education,27.7
2007,Johor, No formal education,29.2
2008,Johor, No formal education,35.7
2009,Johor, No formal education,30.9
2010,Johor, No formal education,19.5
2011,Johor, No formal education,16.1
2012,Johor, No formal education,18.4
2013,Johor, No formal education,19.1
2014,Johor, No formal education,15.8
2015,Johor, No formal education,25.2
1982,Kedah, No formal education,77.5
1983,Kedah, No formal education,75.1
1984,Kedah, No formal education,74.4
1985,Kedah, No formal education,66.8
1986,Kedah, No formal education,65.3
1987,Kedah, No formal education,62.2
1988,Kedah, No formal education,66.2
1989,Kedah, No formal education,59.8
1990,Kedah, No formal education,49.7
1992,Kedah, No formal education,48.9
1993,Kedah, No formal education,42.5
1995,Kedah, No formal education,49.9
1996,Kedah, No formal education,47.5
1997,Kedah, No formal education,54.1
1998,Kedah, No formal education,38.6
1999,Kedah, No formal education,59.6
2000,Kedah, No formal education,34.1
2001,Kedah, No formal education,30
2002,Kedah, No formal education,32.1
2003,Kedah, No formal education,30.1
2004,Kedah, No formal education,23.6
2005,Kedah, No formal education,24.6
2006,Kedah, No formal education,20.7
2007,Kedah, No formal education,23.8
2008,Kedah, No formal education,24.3
2009,Kedah, No formal education,19.7
2010,Kedah, No formal education,15.3
2011,Kedah, No formal education,15
2012,Kedah, No formal education,21.8
2013,Kedah, No formal education,21.8
2014,Kedah, No formal education,18.8
2015,Kedah, No formal education,27.3
1982,Kelantan, No formal education,99.1
1983,Kelantan, No formal education,81.6
1984,Kelantan, No formal education,100.8
1985,Kelantan, No formal education,98.8
1986,Kelantan, No formal education,82.9
1987,Kelantan, No formal education,88.6
1988,Kelantan, No formal education,88.9
1989,Kelantan, No formal education,81.4
1990,Kelantan, No formal education,74.9
1992,Kelantan, No formal education,72.1
1993,Kelantan, No formal education,70.2
1995,Kelantan, No formal education,62.4
1996,Kelantan, No formal education,76.1
1997,Kelantan, No formal education,65.3
1998,Kelantan, No formal education,62.5
1999,Kelantan, No formal education,58.8
2000,Kelantan, No formal education,49.9
2001,Kelantan, No formal education,46.8
2002,Kelantan, No formal education,45.6
2003,Kelantan, No formal education,38.9
2004,Kelantan, No formal education,32
2005,Kelantan, No formal education,36.1
2006,Kelantan, No formal education,29.7
2007,Kelantan, No formal education,31.7
2008,Kelantan, No formal education,32.7
2009,Kelantan, No formal education,31.3
2010,Kelantan, No formal education,32.1
2011,Kelantan, No formal education,29.3
2012,Kelantan, No formal education,32.3
2013,Kelantan, No formal education,31.5
2014,Kelantan, No formal education,27.3
2015,Kelantan, No formal education,33
1982,Melaka, No formal education,17.4
1983,Melaka, No formal education,12.3
1984,Melaka, No formal education,16.6
1985,Melaka, No formal education,16
1986,Melaka, No formal education,13.9
1987,Melaka, No formal education,13.6
1988,Melaka, No formal education,13.2
1989,Melaka, No formal education,10.4
1990,Melaka, No formal education,8.8
1992,Melaka, No formal education,10.2
1993,Melaka, No formal education,11.4
1995,Melaka, No formal education,9.8
1996,Melaka, No formal education,8.3
1997,Melaka, No formal education,11.2
1998,Melaka, No formal education,6.3
1999,Melaka, No formal education,6.2
2000,Melaka, No formal education,7
2001,Melaka, No formal education,4.9
2002,Melaka, No formal education,5.8
2003,Melaka, No formal education,6.3
2004,Melaka, No formal education,6
2005,Melaka, No formal education,7.4
2006,Melaka, No formal education,3.9
2007,Melaka, No formal education,5.9
2008,Melaka, No formal education,4.4
2009,Melaka, No formal education,6.3
2010,Melaka, No formal education,4.9
2011,Melaka, No formal education,4.2
2012,Melaka, No formal education,4.3
2013,Melaka, No formal education,3.8
2014,Melaka, No formal education,2.5
2015,Melaka, No formal education,4.7
1982,Negeri Sembilan, No formal education,20.6
1983,Negeri Sembilan, No formal education,15.6
1984,Negeri Sembilan, No formal education,18.3
1985,Negeri Sembilan, No formal education,14.9
1986,Negeri Sembilan, No formal education,15.6
1987,Negeri Sembilan, No formal education,17.7
1988,Negeri Sembilan, No formal education,13.3
1989,Negeri Sembilan, No formal education,13.2
1990,Negeri Sembilan, No formal education,12.8
1992,Negeri Sembilan, No formal education,11.1
1993,Negeri Sembilan, No formal education,13.7
1995,Negeri Sembilan, No formal education,16.7
1996,Negeri Sembilan, No formal education,12.4
1997,Negeri Sembilan, No formal education,12.2
1998,Negeri Sembilan, No formal education,13.5
1999,Negeri Sembilan, No formal education,7.3
2000,Negeri Sembilan, No formal education,10.9
2001,Negeri Sembilan, No formal education,8.8
2002,Negeri Sembilan, No formal education,10.4
2003,Negeri Sembilan, No formal education,8.5
2004,Negeri Sembilan, No formal education,8.1
2005,Negeri Sembilan, No formal education,7.2
2006,Negeri Sembilan, No formal education,7.4
2007,Negeri Sembilan, No formal education,7.8
2008,Negeri Sembilan, No formal education,9
2009,Negeri Sembilan, No formal education,6.8
2010,Negeri Sembilan, No formal education,7.1
2011,Negeri Sembilan, No formal education,7.7
2012,Negeri Sembilan, No formal education,8.6
2013,Negeri Sembilan, No formal education,9.3
2014,Negeri Sembilan, No formal education,6.4
2015,Negeri Sembilan, No formal education,6.4
1982,Pahang, No formal education,30.6
1983,Pahang, No formal education,34.1
1984,Pahang, No formal education,35.6
1985,Pahang, No formal education,35.8
1986,Pahang, No formal education,32.3
1987,Pahang, No formal education,31.2
1988,Pahang, No formal education,32.3
1989,Pahang, No formal education,32.3
1990,Pahang, No formal education,27.6
1992,Pahang, No formal education,32.8
1993,Pahang, No formal education,29.9
1995,Pahang, No formal education,36.1
1996,Pahang, No formal education,33.5
1997,Pahang, No formal education,27
1998,Pahang, No formal education,22.5
1999,Pahang, No formal education,17.5
2000,Pahang, No formal education,22.9
2001,Pahang, No formal education,23.8
2002,Pahang, No formal education,21.1
2003,Pahang, No formal education,21.7
2004,Pahang, No formal education,29.2
2005,Pahang, No formal education,27.9
2006,Pahang, No formal education,22.4
2007,Pahang, No formal education,26.8
2008,Pahang, No formal education,25.5
2009,Pahang, No formal education,23.9
2010,Pahang, No formal education,17.4
2011,Pahang, No formal education,14.8
2012,Pahang, No formal education,15.1
2013,Pahang, No formal education,17.8
2014,Pahang, No formal education,14.5
2015,Pahang, No formal education,19.6
1982,Pulau Pinang, No formal education,28.2
1983,Pulau Pinang, No formal education,26.3
1984,Pulau Pinang, No formal education,26.3
1985,Pulau Pinang, No formal education,22.7
1986,Pulau Pinang, No formal education,20.8
1987,Pulau Pinang, No formal education,23
1988,Pulau Pinang, No formal education,16.6
1989,Pulau Pinang, No formal education,19
1990,Pulau Pinang, No formal education,16
1992,Pulau Pinang, No formal education,16.5
1993,Pulau Pinang, No formal education,24.3
1995,Pulau Pinang, No formal education,15.9
1996,Pulau Pinang, No formal education,10.7
1997,Pulau Pinang, No formal education,15.3
1998,Pulau Pinang, No formal education,17.3
1999,Pulau Pinang, No formal education,19.1
2000,Pulau Pinang, No formal education,19.6
2001,Pulau Pinang, No formal education,15.1
2002,Pulau Pinang, No formal education,16.5
2003,Pulau Pinang, No formal education,12.3
2004,Pulau Pinang, No formal education,11.7
2005,Pulau Pinang, No formal education,11.4
2006,Pulau Pinang, No formal education,10.9
2007,Pulau Pinang, No formal education,10.8
2008,Pulau Pinang, No formal education,11.2
2009,Pulau Pinang, No formal education,11
2010,Pulau Pinang, No formal education,9.2
2011,Pulau Pinang, No formal education,9.2
2012,Pulau Pinang, No formal education,8.3
2013,Pulau Pinang, No formal education,9.3
2014,Pulau Pinang, No formal education,7.9
2015,Pulau Pinang, No formal education,6.4
1982,Perak, No formal education,73.5
1983,Perak, No formal education,85.3
1984,Perak, No formal education,81.2
1985,Perak, No formal education,78.7
1986,Perak, No formal education,75
1987,Perak, No formal education,66
1988,Perak, No formal education,61.4
1989,Perak, No formal education,59.2
1990,Perak, No formal education,63.5
1992,Perak, No formal education,53
1993,Perak, No formal education,41
1995,Perak, No formal education,39.7
1996,Perak, No formal education,43.8
1997,Perak, No formal education,40.7
1998,Perak, No formal education,43.9
1999,Perak, No formal education,36.7
2000,Perak, No formal education,36.2
2001,Perak, No formal education,28.2
2002,Perak, No formal education,32.7
2003,Perak, No formal education,22.7
2004,Perak, No formal education,30.3
2005,Perak, No formal education,29.2
2006,Perak, No formal education,25.3
2007,Perak, No formal education,24.9
2008,Perak, No formal education,27.2
2009,Perak, No formal education,26.8
2010,Perak, No formal education,22.1
2011,Perak, No formal education,16.7
2012,Perak, No formal education,13.4
2013,Perak, No formal education,15.9
2014,Perak, No formal education,11.8
2015,Perak, No formal education,19.2
1982,Perlis, No formal education,9.6
1983,Perlis, No formal education,7.6
1984,Perlis, No formal education,6.8
1985,Perlis, No formal education,7.1
1986,Perlis, No formal education,7.8
1987,Perlis, No formal education,6
1988,Perlis, No formal education,7.3
1989,Perlis, No formal education,7
1990,Perlis, No formal education,4.6
1992,Perlis, No formal education,6.5
1993,Perlis, No formal education,8.8
1995,Perlis, No formal education,8.4
1996,Perlis, No formal education,5.1
1997,Perlis, No formal education,4.9
1998,Perlis, No formal education,5
1999,Perlis, No formal education,6.1
2000,Perlis, No formal education,3.5
2001,Perlis, No formal education,4.9
2002,Perlis, No formal education,3
2003,Perlis, No formal education,4.2
2004,Perlis, No formal education,3.4
2005,Perlis, No formal education,3.1
2006,Perlis, No formal education,3.2
2007,Perlis, No formal education,2.4
2008,Perlis, No formal education,2.7
2009,Perlis, No formal education,2.6
2010,Perlis, No formal education,3.2
2011,Perlis, No formal education,2.2
2012,Perlis, No formal education,2.2
2013,Perlis, No formal education,2.3
2014,Perlis, No formal education,1.4
2015,Perlis, No formal education,1.1
1982,Selangor, No formal education,45.9
1983,Selangor, No formal education,55
1984,Selangor, No formal education,48.5
1985,Selangor, No formal education,40.7
1986,Selangor, No formal education,43.7
1987,Selangor, No formal education,48.2
1988,Selangor, No formal education,46.3
1989,Selangor, No formal education,43.6
1990,Selangor, No formal education,41.1
1992,Selangor, No formal education,40.9
1993,Selangor, No formal education,36.1
1995,Selangor, No formal education,56.2
1996,Selangor, No formal education,48.1
1997,Selangor, No formal education,38.7
1998,Selangor, No formal education,36.5
1999,Selangor, No formal education,36.5
2000,Selangor, No formal education,31.5
2001,Selangor, No formal education,24.8
2002,Selangor, No formal education,41.3
2003,Selangor, No formal education,37.4
2004,Selangor, No formal education,44.3
2005,Selangor, No formal education,48.3
2006,Selangor, No formal education,26.3
2007,Selangor, No formal education,32.5
2008,Selangor, No formal education,50.7
2009,Selangor, No formal education,36.5
2010,Selangor, No formal education,45.3
2011,Selangor, No formal education,35.9
2012,Selangor, No formal education,28.8
2013,Selangor, No formal education,22.4
2014,Selangor, No formal education,21.7
2015,Selangor, No formal education,26.8
1982,Terengganu, No formal education,61
1983,Terengganu, No formal education,50.1
1984,Terengganu, No formal education,43.9
1985,Terengganu, No formal education,46.8
1986,Terengganu, No formal education,42.9
1987,Terengganu, No formal education,40.1
1988,Terengganu, No formal education,42.8
1989,Terengganu, No formal education,40.7
1990,Terengganu, No formal education,38.1
1992,Terengganu, No formal education,33.1
1993,Terengganu, No formal education,28.5
1995,Terengganu, No formal education,29.2
1996,Terengganu, No formal education,33.4
1997,Terengganu, No formal education,28.3
1998,Terengganu, No formal education,33.7
1999,Terengganu, No formal education,24.3
2000,Terengganu, No formal education,24.1
2001,Terengganu, No formal education,18.5
2002,Terengganu, No formal education,14.6
2003,Terengganu, No formal education,19.3
2004,Terengganu, No formal education,16.8
2005,Terengganu, No formal education,15.1
2006,Terengganu, No formal education,16.8
2007,Terengganu, No formal education,13.5
2008,Terengganu, No formal education,14.1
2009,Terengganu, No formal education,13.9
2010,Terengganu, No formal education,10.5
2011,Terengganu, No formal education,14.4
2012,Terengganu, No formal education,11.8
2013,Terengganu, No formal education,11
2014,Terengganu, No formal education,14.4
2015,Terengganu, No formal education,11.7
1982,Sabah, No formal education,90.8
1983,Sabah, No formal education,98.9
1984,Sabah, No formal education,105.8
1985,Sabah, No formal education,107
1986,Sabah, No formal education,100.2
1987,Sabah, No formal education,103.1
1988,Sabah, No formal education,94.8
1989,Sabah, No formal education,94.7
1990,Sabah, No formal education,89.8
1992,Sabah, No formal education,105
1993,Sabah, No formal education,117.9
1995,Sabah, No formal education,131.6
1996,Sabah, No formal education,148.4
1997,Sabah, No formal education,135.6
1998,Sabah, No formal education,143.5
1999,Sabah, No formal education,138.6
2000,Sabah, No formal education,112.3
2001,Sabah, No formal education,111
2002,Sabah, No formal education,113
2003,Sabah, No formal education,117.9
2004,Sabah, No formal education,114.4
2005,Sabah, No formal education,115.5
2006,Sabah, No formal education,99.4
2007,Sabah, No formal education,116.4
2008,Sabah, No formal education,147
2009,Sabah, No formal education,128.1
2010,Sabah, No formal education,151
2011,Sabah, No formal education,155.7
2012,Sabah, No formal education,141
2013,Sabah, No formal education,159.2
2014,Sabah, No formal education,159
2015,Sabah, No formal education,180.1
1982,Sarawak, No formal education,187.2
1983,Sarawak, No formal education,182.4
1984,Sarawak, No formal education,181.1
1985,Sarawak, No formal education,178.6
1986,Sarawak, No formal education,179.1
1987,Sarawak, No formal education,168.8
1988,Sarawak, No formal education,162
1989,Sarawak, No formal education,174.1
1990,Sarawak, No formal education,160.8
1992,Sarawak, No formal education,145.9
1993,Sarawak, No formal education,133.6
1995,Sarawak, No formal education,142.9
1996,Sarawak, No formal education,131.8
1997,Sarawak, No formal education,125.7
1998,Sarawak, No formal education,129.9
1999,Sarawak, No formal education,109.6
2000,Sarawak, No formal education,124.3
2001,Sarawak, No formal education,110.8
2002,Sarawak, No formal education,124.6
2003,Sarawak, No formal education,107.9
2004,Sarawak, No formal education,103.8
2005,Sarawak, No formal education,99.3
2006,Sarawak, No formal education,89.1
2007,Sarawak, No formal education,92
2008,Sarawak, No formal education,80.3
2009,Sarawak, No formal education,80.5
2010,Sarawak, No formal education,90.6
2011,Sarawak, No formal education,71.6
2012,Sarawak, No formal education,84.6
2013,Sarawak, No formal education,84.5
2014,Sarawak, No formal education,72.8
2015,Sarawak, No formal education,65.3
1982,W.P. Kuala Lumpur, No formal education,18.8
1983,W.P. Kuala Lumpur, No formal education,18.8
1984,W.P. Kuala Lumpur, No formal education,23.2
1985,W.P. Kuala Lumpur, No formal education,19.4
1986,W.P. Kuala Lumpur, No formal education,17.5
1987,W.P. Kuala Lumpur, No formal education,15.3
1988,W.P. Kuala Lumpur, No formal education,14.2
1989,W.P. Kuala Lumpur, No formal education,14.1
1990,W.P. Kuala Lumpur, No formal education,13.7
1992,W.P. Kuala Lumpur, No formal education,14.7
1993,W.P. Kuala Lumpur, No formal education,12.9
1995,W.P. Kuala Lumpur, No formal education,17
1996,W.P. Kuala Lumpur, No formal education,23.6
1997,W.P. Kuala Lumpur, No formal education,18.1
1998,W.P. Kuala Lumpur, No formal education,17.2
1999,W.P. Kuala Lumpur, No formal education,14.7
2000,W.P. Kuala Lumpur, No formal education,9.3
2001,W.P. Kuala Lumpur, No formal education,13.2
2002,W.P. Kuala Lumpur, No formal education,7.4
2003,W.P. Kuala Lumpur, No formal education,7.1
2004,W.P. Kuala Lumpur, No formal education,10.2
2005,W.P. Kuala Lumpur, No formal education,6
2006,W.P. Kuala Lumpur, No formal education,9.2
2007,W.P. Kuala Lumpur, No formal education,4.6
2008,W.P. Kuala Lumpur, No formal education,6.3
2009,W.P. Kuala Lumpur, No formal education,5.1
2010,W.P. Kuala Lumpur, No formal education,7
2011,W.P. Kuala Lumpur, No formal education,6.9
2012,W.P. Kuala Lumpur, No formal education,7.7
2013,W.P. Kuala Lumpur, No formal education,8
2014,W.P. Kuala Lumpur, No formal education,7.9
2015,W.P. Kuala Lumpur, No formal education,3
1982,W.P Labuan, No formal education,
1983,W.P Labuan, No formal education,
1984,W.P Labuan, No formal education,1.8
1985,W.P Labuan, No formal education,1.8
1986,W.P Labuan, No formal education,1.3
1987,W.P Labuan, No formal education,1.2
1988,W.P Labuan, No formal education,1.1
1989,W.P Labuan, No formal education,1.5
1990,W.P Labuan, No formal education,0.6
1992,W.P Labuan, No formal education,0.9
1993,W.P Labuan, No formal education,1.3
1995,W.P Labuan, No formal education,2.5
1996,W.P Labuan, No formal education,1.9
1997,W.P Labuan, No formal education,2.8
1998,W.P Labuan, No formal education,1.7
1999,W.P Labuan, No formal education,2.3
2000,W.P Labuan, No formal education,1.2
2001,W.P Labuan, No formal education,1.4
2002,W.P Labuan, No formal education,2
2003,W.P Labuan, No formal education,1
2004,W.P Labuan, No formal education,2.4
2005,W.P Labuan, No formal education,2.5
2006,W.P Labuan, No formal education,1.2
2007,W.P Labuan, No formal education,2.6
2008,W.P Labuan, No formal education,3.6
2009,W.P Labuan, No formal education,2.5
2010,W.P Labuan, No formal education,0.9
2011,W.P Labuan, No formal education,1.5
2012,W.P Labuan, No formal education,1.5
2013,W.P Labuan, No formal education,1.3
2014,W.P Labuan, No formal education,1.5
2015,W.P Labuan, No formal education,1.6
1982,W.P.Putrajaya, No formal education,
1983,W.P.Putrajaya, No formal education,
1984,W.P.Putrajaya, No formal education,
1985,W.P.Putrajaya, No formal education,
1986,W.P.Putrajaya, No formal education,
1987,W.P.Putrajaya, No formal education,
1988,W.P.Putrajaya, No formal education,
1989,W.P.Putrajaya, No formal education,
1990,W.P.Putrajaya, No formal education,
1992,W.P.Putrajaya, No formal education,
1993,W.P.Putrajaya, No formal education,
1995,W.P.Putrajaya, No formal education,
1996,W.P.Putrajaya, No formal education,
1997,W.P.Putrajaya, No formal education,
1998,W.P.Putrajaya, No formal education,
1999,W.P.Putrajaya, No formal education,
2000,W.P.Putrajaya, No formal education,
2001,W.P.Putrajaya, No formal education,
2002,W.P.Putrajaya, No formal education,
2003,W.P.Putrajaya, No formal education,
2004,W.P.Putrajaya, No formal education,
2005,W.P.Putrajaya, No formal education,
2006,W.P.Putrajaya, No formal education,
2007,W.P.Putrajaya, No formal education,
2008,W.P.Putrajaya, No formal education,
2009,W.P.Putrajaya, No formal education,
2010,W.P.Putrajaya, No formal education,
2011,W.P.Putrajaya, No formal education, -   
2012,W.P.Putrajaya, No formal education,  - 
2013,W.P.Putrajaya, No formal education,0.1
2014,W.P.Putrajaya, No formal education,  - 
2015,W.P.Putrajaya, No formal education,0.1
1982,Malaysia,Primary,2237.5
1983,Malaysia,Primary,2270.8
1984,Malaysia,Primary,2213.1
1985,Malaysia,Primary,2243.8
1986,Malaysia,Primary,2232.9
1987,Malaysia,Primary,2232.3
1988,Malaysia,Primary,2292.7
1989,Malaysia,Primary,2260.9
1990,Malaysia,Primary,2311
1992,Malaysia,Primary,2165.1
1993,Malaysia,Primary,2280.4
1995,Malaysia,Primary,2139
1996,Malaysia,Primary,2391.1
1997,Malaysia,Primary,2391.4
1998,Malaysia,Primary,2358.9
1999,Malaysia,Primary,2332.9
2000,Malaysia,Primary,2336.9
2001,Malaysia,Primary,2291.1
2002,Malaysia,Primary,2279.6
2003,Malaysia,Primary,2244.7
2004,Malaysia,Primary,2199.9
2005,Malaysia,Primary,2102.6
2006,Malaysia,Primary,2131.7
2007,Malaysia,Primary,2064.9
2008,Malaysia,Primary,1978.4
2009,Malaysia,Primary,1922.2
2010,Malaysia,Primary,2125.1
2011,Malaysia,Primary,2129.8
2012,Malaysia,Primary,2206.4
2013,Malaysia,Primary,2346.8
2014,Malaysia,Primary,2236.2
2015,Malaysia,Primary,2195.8
1982,Johor,Primary,312.7
1983,Johor,Primary,307
1984,Johor,Primary,306.8
1985,Johor,Primary,314.5
1986,Johor,Primary,310
1987,Johor,Primary,304.3
1988,Johor,Primary,334.8
1989,Johor,Primary,335
1990,Johor,Primary,365.3
1992,Johor,Primary,321.1
1993,Johor,Primary,357.3
1995,Johor,Primary,256.6
1996,Johor,Primary,305.2
1997,Johor,Primary,320.6
1998,Johor,Primary,294.4
1999,Johor,Primary,279.9
2000,Johor,Primary,313.2
2001,Johor,Primary,303.9
2002,Johor,Primary,299.4
2003,Johor,Primary,309.3
2004,Johor,Primary,285.9
2005,Johor,Primary,266.2
2006,Johor,Primary,268
2007,Johor,Primary,238
2008,Johor,Primary,242.5
2009,Johor,Primary,218.6
2010,Johor,Primary,243.7
2011,Johor,Primary,235.5
2012,Johor,Primary,214.6
2013,Johor,Primary,228.8
2014,Johor,Primary,229.6
2015,Johor,Primary,217.8
1982,Kedah,Primary,194.9
1983,Kedah,Primary,174.7
1984,Kedah,Primary,196.5
1985,Kedah,Primary,197.8
1986,Kedah,Primary,185.8
1987,Kedah,Primary,179.8
1988,Kedah,Primary,194.2
1989,Kedah,Primary,179.8
1990,Kedah,Primary,183.3
1992,Kedah,Primary,187.1
1993,Kedah,Primary,183.4
1995,Kedah,Primary,180.3
1996,Kedah,Primary,190.1
1997,Kedah,Primary,204.6
1998,Kedah,Primary,176.3
1999,Kedah,Primary,210.1
2000,Kedah,Primary,169.5
2001,Kedah,Primary,195.9
2002,Kedah,Primary,178.8
2003,Kedah,Primary,156.1
2004,Kedah,Primary,161.4
2005,Kedah,Primary,150
2006,Kedah,Primary,143
2007,Kedah,Primary,137.8
2008,Kedah,Primary,135.7
2009,Kedah,Primary,127.9
2010,Kedah,Primary,132.8
2011,Kedah,Primary,135.7
2012,Kedah,Primary,150.7
2013,Kedah,Primary,158.2
2014,Kedah,Primary,131.6
2015,Kedah,Primary,125.5
1982,Kelantan,Primary,116.2
1983,Kelantan,Primary,103.1
1984,Kelantan,Primary,109.6
1985,Kelantan,Primary,113.3
1986,Kelantan,Primary,127.8
1987,Kelantan,Primary,118.3
1988,Kelantan,Primary,124.1
1989,Kelantan,Primary,116.9
1990,Kelantan,Primary,123.1
1992,Kelantan,Primary,113.3
1993,Kelantan,Primary,117.8
1995,Kelantan,Primary,124
1996,Kelantan,Primary,123.6
1997,Kelantan,Primary,114.3
1998,Kelantan,Primary,123
1999,Kelantan,Primary,123.2
2000,Kelantan,Primary,115.8
2001,Kelantan,Primary,112.5
2002,Kelantan,Primary,104.2
2003,Kelantan,Primary,114.4
2004,Kelantan,Primary,100
2005,Kelantan,Primary,95.2
2006,Kelantan,Primary,97.9
2007,Kelantan,Primary,100.2
2008,Kelantan,Primary,85.7
2009,Kelantan,Primary,82.9
2010,Kelantan,Primary,97.7
2011,Kelantan,Primary,88.4
2012,Kelantan,Primary,102.5
2013,Kelantan,Primary,83.2
2014,Kelantan,Primary,83.5
2015,Kelantan,Primary,74.1
1982,Melaka,Primary,71.5
1983,Melaka,Primary,76.4
1984,Melaka,Primary,70.1
1985,Melaka,Primary,69.5
1986,Melaka,Primary,70.1
1987,Melaka,Primary,74
1988,Melaka,Primary,69.2
1989,Melaka,Primary,68.8
1990,Melaka,Primary,64
1992,Melaka,Primary,69.2
1993,Melaka,Primary,70.2
1995,Melaka,Primary,60
1996,Melaka,Primary,64.6
1997,Melaka,Primary,66.2
1998,Melaka,Primary,64.3
1999,Melaka,Primary,57.9
2000,Melaka,Primary,49.9
2001,Melaka,Primary,48.6
2002,Melaka,Primary,42.7
2003,Melaka,Primary,48.8
2004,Melaka,Primary,45.3
2005,Melaka,Primary,44.5
2006,Melaka,Primary,45
2007,Melaka,Primary,44.1
2008,Melaka,Primary,41.7
2009,Melaka,Primary,37.4
2010,Melaka,Primary,47.1
2011,Melaka,Primary,43
2012,Melaka,Primary,48.1
2013,Melaka,Primary,48.7
2014,Melaka,Primary,44
2015,Melaka,Primary,36.7
1982,Negeri Sembilan,Primary,108.3
1983,Negeri Sembilan,Primary,98.7
1984,Negeri Sembilan,Primary,103.8
1985,Negeri Sembilan,Primary,102.1
1986,Negeri Sembilan,Primary,99.7
1987,Negeri Sembilan,Primary,96.9
1988,Negeri Sembilan,Primary,96.4
1989,Negeri Sembilan,Primary,92.2
1990,Negeri Sembilan,Primary,91.6
1992,Negeri Sembilan,Primary,95
1993,Negeri Sembilan,Primary,91.8
1995,Negeri Sembilan,Primary,99.2
1996,Negeri Sembilan,Primary,101.1
1997,Negeri Sembilan,Primary,92
1998,Negeri Sembilan,Primary,86.4
1999,Negeri Sembilan,Primary,76.7
2000,Negeri Sembilan,Primary,87.2
2001,Negeri Sembilan,Primary,97.1
2002,Negeri Sembilan,Primary,83.7
2003,Negeri Sembilan,Primary,85.3
2004,Negeri Sembilan,Primary,82
2005,Negeri Sembilan,Primary,76.8
2006,Negeri Sembilan,Primary,78.8
2007,Negeri Sembilan,Primary,73.5
2008,Negeri Sembilan,Primary,71.6
2009,Negeri Sembilan,Primary,74.7
2010,Negeri Sembilan,Primary,76
2011,Negeri Sembilan,Primary,69.4
2012,Negeri Sembilan,Primary,78.8
2013,Negeri Sembilan,Primary,86.7
2014,Negeri Sembilan,Primary,81.4
2015,Negeri Sembilan,Primary,77.4
1982,Pahang,Primary,136.3
1983,Pahang,Primary,168
1984,Pahang,Primary,141.2
1985,Pahang,Primary,152.5
1986,Pahang,Primary,148.5
1987,Pahang,Primary,152
1988,Pahang,Primary,161.9
1989,Pahang,Primary,158.4
1990,Pahang,Primary,180.4
1992,Pahang,Primary,157.4
1993,Pahang,Primary,139.1
1995,Pahang,Primary,133
1996,Pahang,Primary,136.8
1997,Pahang,Primary,140.3
1998,Pahang,Primary,123.5
1999,Pahang,Primary,134.2
2000,Pahang,Primary,159.3
2001,Pahang,Primary,142.1
2002,Pahang,Primary,123.9
2003,Pahang,Primary,136.1
2004,Pahang,Primary,144.9
2005,Pahang,Primary,130.9
2006,Pahang,Primary,142.6
2007,Pahang,Primary,138
2008,Pahang,Primary,135.3
2009,Pahang,Primary,137.6
2010,Pahang,Primary,123.4
2011,Pahang,Primary,116.2
2012,Pahang,Primary,125.2
2013,Pahang,Primary,139.2
2014,Pahang,Primary,137.8
2015,Pahang,Primary,129.2
1982,Pulau Pinang,Primary,162
1983,Pulau Pinang,Primary,165.2
1984,Pulau Pinang,Primary,149.2
1985,Pulau Pinang,Primary,143.6
1986,Pulau Pinang,Primary,138.3
1987,Pulau Pinang,Primary,138.2
1988,Pulau Pinang,Primary,133.5
1989,Pulau Pinang,Primary,139.7
1990,Pulau Pinang,Primary,135.4
1992,Pulau Pinang,Primary,118.2
1993,Pulau Pinang,Primary,104.6
1995,Pulau Pinang,Primary,87.9
1996,Pulau Pinang,Primary,74.9
1997,Pulau Pinang,Primary,110.8
1998,Pulau Pinang,Primary,129.6
1999,Pulau Pinang,Primary,112.9
2000,Pulau Pinang,Primary,130.4
2001,Pulau Pinang,Primary,143.9
2002,Pulau Pinang,Primary,109.6
2003,Pulau Pinang,Primary,109.2
2004,Pulau Pinang,Primary,113.9
2005,Pulau Pinang,Primary,100.8
2006,Pulau Pinang,Primary,101.1
2007,Pulau Pinang,Primary,96.7
2008,Pulau Pinang,Primary,97.4
2009,Pulau Pinang,Primary,93.2
2010,Pulau Pinang,Primary,98.9
2011,Pulau Pinang,Primary,99.6
2012,Pulau Pinang,Primary,104.3
2013,Pulau Pinang,Primary,111.3
2014,Pulau Pinang,Primary,85.3
2015,Pulau Pinang,Primary,84.5
1982,Perak,Primary,302.6
1983,Perak,Primary,309.3
1984,Perak,Primary,306.2
1985,Perak,Primary,301.7
1986,Perak,Primary,296
1987,Perak,Primary,291.6
1988,Perak,Primary,280.7
1989,Perak,Primary,288.8
1990,Perak,Primary,269.7
1992,Perak,Primary,264.7
1993,Perak,Primary,267
1995,Perak,Primary,230.6
1996,Perak,Primary,247.3
1997,Perak,Primary,221.9
1998,Perak,Primary,219
1999,Perak,Primary,203.7
2000,Perak,Primary,213.7
2001,Perak,Primary,210.4
2002,Perak,Primary,215
2003,Perak,Primary,192.8
2004,Perak,Primary,184.9
2005,Perak,Primary,183.2
2006,Perak,Primary,192.5
2007,Perak,Primary,180.6
2008,Perak,Primary,170
2009,Perak,Primary,157.4
2010,Perak,Primary,156.9
2011,Perak,Primary,162.7
2012,Perak,Primary,167.8
2013,Perak,Primary,165.5
2014,Perak,Primary,137.6
2015,Perak,Primary,140
1982,Perlis,Primary,27.8
1983,Perlis,Primary,35.1
1984,Perlis,Primary,28.7
1985,Perlis,Primary,27.2
1986,Perlis,Primary,24.2
1987,Perlis,Primary,25.5
1988,Perlis,Primary,26.3
1989,Perlis,Primary,23.6
1990,Perlis,Primary,22.7
1992,Perlis,Primary,24.3
1993,Perlis,Primary,21.8
1995,Perlis,Primary,22.3
1996,Perlis,Primary,22.6
1997,Perlis,Primary,21.9
1998,Perlis,Primary,21.4
1999,Perlis,Primary,22.5
2000,Perlis,Primary,19.9
2001,Perlis,Primary,22.6
2002,Perlis,Primary,14.9
2003,Perlis,Primary,17
2004,Perlis,Primary,16.2
2005,Perlis,Primary,13.4
2006,Perlis,Primary,14.9
2007,Perlis,Primary,14
2008,Perlis,Primary,12.1
2009,Perlis,Primary,11.3
2010,Perlis,Primary,11.6
2011,Perlis,Primary,12.8
2012,Perlis,Primary,12.4
2013,Perlis,Primary,12.3
2014,Perlis,Primary,11.6
2015,Perlis,Primary,9.6
1982,Selangor,Primary,255.6
1983,Selangor,Primary,262.9
1984,Selangor,Primary,227.8
1985,Selangor,Primary,236.5
1986,Selangor,Primary,253.9
1987,Selangor,Primary,270.1
1988,Selangor,Primary,279.4
1989,Selangor,Primary,248.4
1990,Selangor,Primary,272.4
1992,Selangor,Primary,231.6
1993,Selangor,Primary,246.8
1995,Selangor,Primary,255.9
1996,Selangor,Primary,260.4
1997,Selangor,Primary,267
1998,Selangor,Primary,279.1
1999,Selangor,Primary,268.5
2000,Selangor,Primary,324.8
2001,Selangor,Primary,243.1
2002,Selangor,Primary,275.9
2003,Selangor,Primary,270.7
2004,Selangor,Primary,282.3
2005,Selangor,Primary,259.3
2006,Selangor,Primary,245.5
2007,Selangor,Primary,242.1
2008,Selangor,Primary,251
2009,Selangor,Primary,232.1
2010,Selangor,Primary,287
2011,Selangor,Primary,322.5
2012,Selangor,Primary,315.6
2013,Selangor,Primary,332.4
2014,Selangor,Primary,328.2
2015,Selangor,Primary,361.3
1982,Terengganu,Primary,93
1983,Terengganu,Primary,105.4
1984,Terengganu,Primary,84.3
1985,Terengganu,Primary,84.5
1986,Terengganu,Primary,85.8
1987,Terengganu,Primary,78
1988,Terengganu,Primary,85.6
1989,Terengganu,Primary,81.7
1990,Terengganu,Primary,80.9
1992,Terengganu,Primary,83.6
1993,Terengganu,Primary,90.7
1995,Terengganu,Primary,81.4
1996,Terengganu,Primary,96.3
1997,Terengganu,Primary,77.5
1998,Terengganu,Primary,81.7
1999,Terengganu,Primary,82.2
2000,Terengganu,Primary,80.1
2001,Terengganu,Primary,76.7
2002,Terengganu,Primary,73.1
2003,Terengganu,Primary,87.1
2004,Terengganu,Primary,81.3
2005,Terengganu,Primary,79.5
2006,Terengganu,Primary,75
2007,Terengganu,Primary,74.6
2008,Terengganu,Primary,73.4
2009,Terengganu,Primary,69.2
2010,Terengganu,Primary,65.2
2011,Terengganu,Primary,63.6
2012,Terengganu,Primary,60.7
2013,Terengganu,Primary,72.2
2014,Terengganu,Primary,57.6
2015,Terengganu,Primary,53
1982,Sabah,Primary,124.4
1983,Sabah,Primary,138.2
1984,Sabah,Primary,152.2
1985,Sabah,Primary,155.2
1986,Sabah,Primary,159.6
1987,Sabah,Primary,161.1
1988,Sabah,Primary,165.2
1989,Sabah,Primary,175.6
1990,Sabah,Primary,159.3
1992,Sabah,Primary,173.7
1993,Sabah,Primary,214.3
1995,Sabah,Primary,260
1996,Sabah,Primary,380.8
1997,Sabah,Primary,388.6
1998,Sabah,Primary,421.6
1999,Sabah,Primary,409.1
2000,Sabah,Primary,315.3
2001,Sabah,Primary,336.5
2002,Sabah,Primary,356.8
2003,Sabah,Primary,366.5
2004,Sabah,Primary,357.6
2005,Sabah,Primary,384.4
2006,Sabah,Primary,390.3
2007,Sabah,Primary,388.4
2008,Sabah,Primary,350.7
2009,Sabah,Primary,368.5
2010,Sabah,Primary,454.2
2011,Sabah,Primary,450.8
2012,Sabah,Primary,470
2013,Sabah,Primary,536.7
2014,Sabah,Primary,565.9
2015,Sabah,Primary,549.4
1982,Sarawak,Primary,186.1
1983,Sarawak,Primary,188.5
1984,Sarawak,Primary,198
1985,Sarawak,Primary,204.2
1986,Sarawak,Primary,205.7
1987,Sarawak,Primary,221.2
1988,Sarawak,Primary,215.3
1989,Sarawak,Primary,225.6
1990,Sarawak,Primary,237.7
1992,Sarawak,Primary,221.6
1993,Sarawak,Primary,250.1
1995,Sarawak,Primary,236.5
1996,Sarawak,Primary,262
1997,Sarawak,Primary,253.2
1998,Sarawak,Primary,240.6
1999,Sarawak,Primary,237.5
2000,Sarawak,Primary,261.1
2001,Sarawak,Primary,260.7
2002,Sarawak,Primary,279.1
2003,Sarawak,Primary,257.4
2004,Sarawak,Primary,253.5
2005,Sarawak,Primary,239.1
2006,Sarawak,Primary,254.7
2007,Sarawak,Primary,251.6
2008,Sarawak,Primary,237.2
2009,Sarawak,Primary,238.8
2010,Sarawak,Primary,255.6
2011,Sarawak,Primary,235.2
2012,Sarawak,Primary,268.3
2013,Sarawak,Primary,290.7
2014,Sarawak,Primary,267.9
2015,Sarawak,Primary,274.7
1982,W.P. Kuala Lumpur,Primary,146
1983,W.P. Kuala Lumpur,Primary,138.3
1984,W.P. Kuala Lumpur,Primary,133.4
1985,W.P. Kuala Lumpur,Primary,136
1986,W.P. Kuala Lumpur,Primary,122.9
1987,W.P. Kuala Lumpur,Primary,117.3
1988,W.P. Kuala Lumpur,Primary,122.1
1989,W.P. Kuala Lumpur,Primary,122.3
1990,W.P. Kuala Lumpur,Primary,119.5
1992,W.P. Kuala Lumpur,Primary,99.2
1993,W.P. Kuala Lumpur,Primary,121.6
1995,W.P. Kuala Lumpur,Primary,102.6
1996,W.P. Kuala Lumpur,Primary,111.8
1997,W.P. Kuala Lumpur,Primary,103.5
1998,W.P. Kuala Lumpur,Primary,89.4
1999,W.P. Kuala Lumpur,Primary,98.2
2000,W.P. Kuala Lumpur,Primary,89.3
2001,W.P. Kuala Lumpur,Primary,91.4
2002,W.P. Kuala Lumpur,Primary,114.6
2003,W.P. Kuala Lumpur,Primary,87.1
2004,W.P. Kuala Lumpur,Primary,82.8
2005,W.P. Kuala Lumpur,Primary,71.6
2006,W.P. Kuala Lumpur,Primary,73.9
2007,W.P. Kuala Lumpur,Primary,77.8
2008,W.P. Kuala Lumpur,Primary,68.1
2009,W.P. Kuala Lumpur,Primary,66.6
2010,W.P. Kuala Lumpur,Primary,69.8
2011,W.P. Kuala Lumpur,Primary,87
2012,W.P. Kuala Lumpur,Primary,80.7
2013,W.P. Kuala Lumpur,Primary,74.3
2014,W.P. Kuala Lumpur,Primary,67.7
2015,W.P. Kuala Lumpur,Primary,57.9
1982,W.P Labuan,Primary,
1983,W.P Labuan,Primary,
1984,W.P Labuan,Primary,5.6
1985,W.P Labuan,Primary,5.2
1986,W.P Labuan,Primary,4.4
1987,W.P Labuan,Primary,4.1
1988,W.P Labuan,Primary,4
1989,W.P Labuan,Primary,4.1
1990,W.P Labuan,Primary,5.6
1992,W.P Labuan,Primary,5.1
1993,W.P Labuan,Primary,3.9
1995,W.P Labuan,Primary,8.7
1996,W.P Labuan,Primary,13.6
1997,W.P Labuan,Primary,9.1
1998,W.P Labuan,Primary,8.6
1999,W.P Labuan,Primary,16.1
2000,W.P Labuan,Primary,7.3
2001,W.P Labuan,Primary,5.6
2002,W.P Labuan,Primary,7.8
2003,W.P Labuan,Primary,7
2004,W.P Labuan,Primary,7.9
2005,W.P Labuan,Primary,7.6
2006,W.P Labuan,Primary,8.6
2007,W.P Labuan,Primary,7.5
2008,W.P Labuan,Primary,6.1
2009,W.P Labuan,Primary,6
2010,W.P Labuan,Primary,5.2
2011,W.P Labuan,Primary,5.5
2012,W.P Labuan,Primary,5.4
2013,W.P Labuan,Primary,5.2
2014,W.P Labuan,Primary,5.7
2015,W.P Labuan,Primary,4.2
1982,W.P.Putrajaya,Primary,
1983,W.P.Putrajaya,Primary,
1984,W.P.Putrajaya,Primary,
1985,W.P.Putrajaya,Primary,
1986,W.P.Putrajaya,Primary,
1987,W.P.Putrajaya,Primary,
1988,W.P.Putrajaya,Primary,
1989,W.P.Putrajaya,Primary,
1990,W.P.Putrajaya,Primary,
1992,W.P.Putrajaya,Primary,
1993,W.P.Putrajaya,Primary,
1995,W.P.Putrajaya,Primary,
1996,W.P.Putrajaya,Primary,
1997,W.P.Putrajaya,Primary,
1998,W.P.Putrajaya,Primary,
1999,W.P.Putrajaya,Primary,
2000,W.P.Putrajaya,Primary,
2001,W.P.Putrajaya,Primary,
2002,W.P.Putrajaya,Primary,
2003,W.P.Putrajaya,Primary,
2004,W.P.Putrajaya,Primary,
2005,W.P.Putrajaya,Primary,
2006,W.P.Putrajaya,Primary,
2007,W.P.Putrajaya,Primary,
2008,W.P.Putrajaya,Primary,
2009,W.P.Putrajaya,Primary,
2010,W.P.Putrajaya,Primary,
2011,W.P.Putrajaya,Primary,1.7
2012,W.P.Putrajaya,Primary,1.4
2013,W.P.Putrajaya,Primary,1.5
2014,W.P.Putrajaya,Primary,0.7
2015,W.P.Putrajaya,Primary,0.5
1982,Malaysia,Secondary,1861.9
1983,Malaysia,Secondary,2039.9
1984,Malaysia,Secondary,2167.8
1985,Malaysia,Secondary,2227.7
1986,Malaysia,Secondary,2340.1
1987,Malaysia,Secondary,2541.3
1988,Malaysia,Secondary,2654.6
1989,Malaysia,Secondary,2896
1990,Malaysia,Secondary,3129.2
1992,Malaysia,Secondary,3525
1993,Malaysia,Secondary,3737.1
1995,Malaysia,Secondary,3987.4
1996,Malaysia,Secondary,4341.9
1997,Malaysia,Secondary,4458.6
1998,Malaysia,Secondary,4505.3
1999,Malaysia,Secondary,4755.4
2000,Malaysia,Secondary,5071.7
2001,Malaysia,Secondary,5135.3
2002,Malaysia,Secondary,5163.3
2003,Malaysia,Secondary,5424.1
2004,Malaysia,Secondary,5469.2
2005,Malaysia,Secondary,5565.6
2006,Malaysia,Secondary,5774.3
2007,Malaysia,Secondary,5917.4
2008,Malaysia,Secondary,5961.8
2009,Malaysia,Secondary,6008.1
2010,Malaysia,Secondary,6549.6
2011,Malaysia,Secondary,6833.3
2012,Malaysia,Secondary,7128.1
2013,Malaysia,Secondary,7534.6
2014,Malaysia,Secondary,7654.2
2015,Malaysia,Secondary,7587
1982,Johor,Secondary,214.3
1983,Johor,Secondary,214.9
1984,Johor,Secondary,249.3
1985,Johor,Secondary,256.3
1986,Johor,Secondary,288.2
1987,Johor,Secondary,313.4
1988,Johor,Secondary,341
1989,Johor,Secondary,372
1990,Johor,Secondary,425.7
1992,Johor,Secondary,474.8
1993,Johor,Secondary,490.6
1995,Johor,Secondary,507
1996,Johor,Secondary,558.3
1997,Johor,Secondary,594.3
1998,Johor,Secondary,605.5
1999,Johor,Secondary,612
2000,Johor,Secondary,730.2
2001,Johor,Secondary,758.4
2002,Johor,Secondary,742.6
2003,Johor,Secondary,761.2
2004,Johor,Secondary,748
2005,Johor,Secondary,755.2
2006,Johor,Secondary,770
2007,Johor,Secondary,818.3
2008,Johor,Secondary,777.2
2009,Johor,Secondary,807.6
2010,Johor,Secondary,910.2
2011,Johor,Secondary,941.4
2012,Johor,Secondary,972.5
2013,Johor,Secondary,1012.4
2014,Johor,Secondary,1004.4
2015,Johor,Secondary,990.8
1982,Kedah,Secondary,100.2
1983,Kedah,Secondary,103.2
1984,Kedah,Secondary,124.1
1985,Kedah,Secondary,126.2
1986,Kedah,Secondary,141.6
1987,Kedah,Secondary,152.3
1988,Kedah,Secondary,170.3
1989,Kedah,Secondary,176.5
1990,Kedah,Secondary,199.5
1992,Kedah,Secondary,222.6
1993,Kedah,Secondary,208.3
1995,Kedah,Secondary,248.2
1996,Kedah,Secondary,258.3
1997,Kedah,Secondary,290.4
1998,Kedah,Secondary,292.5
1999,Kedah,Secondary,339.5
2000,Kedah,Secondary,342.7
2001,Kedah,Secondary,395.7
2002,Kedah,Secondary,358.3
2003,Kedah,Secondary,373.9
2004,Kedah,Secondary,380.5
2005,Kedah,Secondary,378.5
2006,Kedah,Secondary,391.2
2007,Kedah,Secondary,398.9
2008,Kedah,Secondary,385.5
2009,Kedah,Secondary,405.4
2010,Kedah,Secondary,432.8
2011,Kedah,Secondary,437.2
2012,Kedah,Secondary,473
2013,Kedah,Secondary,500.2
2014,Kedah,Secondary,513.1
2015,Kedah,Secondary,526.9
1982,Kelantan,Secondary,72.3
1983,Kelantan,Secondary,75.8
1984,Kelantan,Secondary,89.4
1985,Kelantan,Secondary,89.2
1986,Kelantan,Secondary,104.1
1987,Kelantan,Secondary,114.8
1988,Kelantan,Secondary,120.8
1989,Kelantan,Secondary,133.7
1990,Kelantan,Secondary,143.1
1992,Kelantan,Secondary,152.5
1993,Kelantan,Secondary,161.3
1995,Kelantan,Secondary,176.9
1996,Kelantan,Secondary,190.8
1997,Kelantan,Secondary,182.3
1998,Kelantan,Secondary,193.5
1999,Kelantan,Secondary,199.5
2000,Kelantan,Secondary,206.9
2001,Kelantan,Secondary,212.4
2002,Kelantan,Secondary,211.5
2003,Kelantan,Secondary,244.3
2004,Kelantan,Secondary,229.4
2005,Kelantan,Secondary,235
2006,Kelantan,Secondary,249.9
2007,Kelantan,Secondary,255.4
2008,Kelantan,Secondary,259.2
2009,Kelantan,Secondary,281.6
2010,Kelantan,Secondary,290.4
2011,Kelantan,Secondary,299.6
2012,Kelantan,Secondary,316.9
2013,Kelantan,Secondary,358.1
2014,Kelantan,Secondary,364.9
2015,Kelantan,Secondary,373.1
1982,Melaka,Secondary,68.1
1983,Melaka,Secondary,66.5
1984,Melaka,Secondary,66.3
1985,Melaka,Secondary,73.9
1986,Melaka,Secondary,72.1
1987,Melaka,Secondary,75.3
1988,Melaka,Secondary,78.3
1989,Melaka,Secondary,91.1
1990,Melaka,Secondary,87.7
1992,Melaka,Secondary,110.5
1993,Melaka,Secondary,124.8
1995,Melaka,Secondary,131.4
1996,Melaka,Secondary,141.4
1997,Melaka,Secondary,147.3
1998,Melaka,Secondary,140.8
1999,Melaka,Secondary,148
2000,Melaka,Secondary,167.4
2001,Melaka,Secondary,179.5
2002,Melaka,Secondary,143.8
2003,Melaka,Secondary,177.1
2004,Melaka,Secondary,169.1
2005,Melaka,Secondary,171.9
2006,Melaka,Secondary,169.5
2007,Melaka,Secondary,171.9
2008,Melaka,Secondary,173.7
2009,Melaka,Secondary,171.6
2010,Melaka,Secondary,205.8
2011,Melaka,Secondary,210.4
2012,Melaka,Secondary,216.9
2013,Melaka,Secondary,233.5
2014,Melaka,Secondary,243
2015,Melaka,Secondary,240.7
1982,Negeri Sembilan,Secondary,74.3
1983,Negeri Sembilan,Secondary,88.6
1984,Negeri Sembilan,Secondary,86.5
1985,Negeri Sembilan,Secondary,81.6
1986,Negeri Sembilan,Secondary,83.9
1987,Negeri Sembilan,Secondary,92.3
1988,Negeri Sembilan,Secondary,103
1989,Negeri Sembilan,Secondary,110.6
1990,Negeri Sembilan,Secondary,95.4
1992,Negeri Sembilan,Secondary,124.1
1993,Negeri Sembilan,Secondary,144.4
1995,Negeri Sembilan,Secondary,152
1996,Negeri Sembilan,Secondary,175.6
1997,Negeri Sembilan,Secondary,170.1
1998,Negeri Sembilan,Secondary,168.1
1999,Negeri Sembilan,Secondary,158.4
2000,Negeri Sembilan,Secondary,203.4
2001,Negeri Sembilan,Secondary,194.2
2002,Negeri Sembilan,Secondary,184.9
2003,Negeri Sembilan,Secondary,193.1
2004,Negeri Sembilan,Secondary,209.6
2005,Negeri Sembilan,Secondary,223
2006,Negeri Sembilan,Secondary,223
2007,Negeri Sembilan,Secondary,225
2008,Negeri Sembilan,Secondary,228.9
2009,Negeri Sembilan,Secondary,219
2010,Negeri Sembilan,Secondary,230.1
2011,Negeri Sembilan,Secondary,245.3
2012,Negeri Sembilan,Secondary,260.4
2013,Negeri Sembilan,Secondary,260.2
2014,Negeri Sembilan,Secondary,259.9
2015,Negeri Sembilan,Secondary,269.4
1982,Pahang,Secondary,88.2
1983,Pahang,Secondary,114.8
1984,Pahang,Secondary,114.9
1985,Pahang,Secondary,122.2
1986,Pahang,Secondary,115.1
1987,Pahang,Secondary,129.7
1988,Pahang,Secondary,139.2
1989,Pahang,Secondary,162.9
1990,Pahang,Secondary,183.6
1992,Pahang,Secondary,195.1
1993,Pahang,Secondary,176.5
1995,Pahang,Secondary,172.2
1996,Pahang,Secondary,197.4
1997,Pahang,Secondary,188.3
1998,Pahang,Secondary,185
1999,Pahang,Secondary,199.2
2000,Pahang,Secondary,212.3
2001,Pahang,Secondary,224.1
2002,Pahang,Secondary,215.5
2003,Pahang,Secondary,245.3
2004,Pahang,Secondary,289.3
2005,Pahang,Secondary,302.6
2006,Pahang,Secondary,323.5
2007,Pahang,Secondary,314.4
2008,Pahang,Secondary,336.7
2009,Pahang,Secondary,335.3
2010,Pahang,Secondary,341.9
2011,Pahang,Secondary,363
2012,Pahang,Secondary,368.2
2013,Pahang,Secondary,371.1
2014,Pahang,Secondary,387.5
2015,Pahang,Secondary,395.8
1982,Pulau Pinang,Secondary,169
1983,Pulau Pinang,Secondary,187.2
1984,Pulau Pinang,Secondary,182.5
1985,Pulau Pinang,Secondary,191.8
1986,Pulau Pinang,Secondary,200.5
1987,Pulau Pinang,Secondary,216.6
1988,Pulau Pinang,Secondary,214.3
1989,Pulau Pinang,Secondary,240.5
1990,Pulau Pinang,Secondary,266.3
1992,Pulau Pinang,Secondary,323.8
1993,Pulau Pinang,Secondary,347.7
1995,Pulau Pinang,Secondary,324.8
1996,Pulau Pinang,Secondary,308.7
1997,Pulau Pinang,Secondary,352.4
1998,Pulau Pinang,Secondary,356.3
1999,Pulau Pinang,Secondary,379.3
2000,Pulau Pinang,Secondary,417
2001,Pulau Pinang,Secondary,429.9
2002,Pulau Pinang,Secondary,393.7
2003,Pulau Pinang,Secondary,420.4
2004,Pulau Pinang,Secondary,383.4
2005,Pulau Pinang,Secondary,368.4
2006,Pulau Pinang,Secondary,390.4
2007,Pulau Pinang,Secondary,392.5
2008,Pulau Pinang,Secondary,394.9
2009,Pulau Pinang,Secondary,405.3
2010,Pulau Pinang,Secondary,440.3
2011,Pulau Pinang,Secondary,457.8
2012,Pulau Pinang,Secondary,458.6
2013,Pulau Pinang,Secondary,483
2014,Pulau Pinang,Secondary,509.2
2015,Pulau Pinang,Secondary,491.2
1982,Perak,Secondary,199.3
1983,Perak,Secondary,247.3
1984,Perak,Secondary,239.7
1985,Perak,Secondary,252.3
1986,Perak,Secondary,258
1987,Perak,Secondary,271.7
1988,Perak,Secondary,272.7
1989,Perak,Secondary,294.5
1990,Perak,Secondary,301.7
1992,Perak,Secondary,319.7
1993,Perak,Secondary,311.4
1995,Perak,Secondary,319
1996,Perak,Secondary,380.1
1997,Perak,Secondary,413.2
1998,Perak,Secondary,363.9
1999,Perak,Secondary,391
2000,Perak,Secondary,419.4
2001,Perak,Secondary,427
2002,Perak,Secondary,459.7
2003,Perak,Secondary,441.7
2004,Perak,Secondary,477.9
2005,Perak,Secondary,488.9
2006,Perak,Secondary,500.6
2007,Perak,Secondary,533.5
2008,Perak,Secondary,538.2
2009,Perak,Secondary,550.7
2010,Perak,Secondary,543.2
2011,Perak,Secondary,566.2
2012,Perak,Secondary,578.4
2013,Perak,Secondary,595.4
2014,Perak,Secondary,611.4
2015,Perak,Secondary,609.3
1982,Perlis,Secondary,15
1983,Perlis,Secondary,19.3
1984,Perlis,Secondary,23.1
1985,Perlis,Secondary,21.9
1986,Perlis,Secondary,22.2
1987,Perlis,Secondary,25
1988,Perlis,Secondary,28.2
1989,Perlis,Secondary,30.4
1990,Perlis,Secondary,26
1992,Perlis,Secondary,29.8
1993,Perlis,Secondary,35.5
1995,Perlis,Secondary,34.2
1996,Perlis,Secondary,35
1997,Perlis,Secondary,36.1
1998,Perlis,Secondary,37.3
1999,Perlis,Secondary,40.9
2000,Perlis,Secondary,41.8
2001,Perlis,Secondary,46.7
2002,Perlis,Secondary,30.6
2003,Perlis,Secondary,45.4
2004,Perlis,Secondary,43.9
2005,Perlis,Secondary,44.8
2006,Perlis,Secondary,44.5
2007,Perlis,Secondary,48.8
2008,Perlis,Secondary,49.1
2009,Perlis,Secondary,48.9
2010,Perlis,Secondary,47.6
2011,Perlis,Secondary,49.2
2012,Perlis,Secondary,54.2
2013,Perlis,Secondary,60.5
2014,Perlis,Secondary,58.2
2015,Perlis,Secondary,62.2
1982,Selangor,Secondary,302.1
1983,Selangor,Secondary,349.9
1984,Selangor,Secondary,337.4
1985,Selangor,Secondary,349.8
1986,Selangor,Secondary,383
1987,Selangor,Secondary,438.3
1988,Selangor,Secondary,447
1989,Selangor,Secondary,479.2
1990,Selangor,Secondary,581.2
1992,Selangor,Secondary,620.4
1993,Selangor,Secondary,629.3
1995,Selangor,Secondary,777.4
1996,Selangor,Secondary,771.4
1997,Selangor,Secondary,745.5
1998,Selangor,Secondary,802.5
1999,Selangor,Secondary,821.1
2000,Selangor,Secondary,934.2
2001,Selangor,Secondary,849.5
2002,Selangor,Secondary,951
2003,Selangor,Secondary,1004.8
2004,Selangor,Secondary,1056.4
2005,Selangor,Secondary,1083.8
2006,Selangor,Secondary,1140.9
2007,Selangor,Secondary,1153.1
2008,Selangor,Secondary,1181.8
2009,Selangor,Secondary,1109.8
2010,Selangor,Secondary,1329.5
2011,Selangor,Secondary,1374.2
2012,Selangor,Secondary,1443.8
2013,Selangor,Secondary,1533.9
2014,Selangor,Secondary,1588.3
2015,Selangor,Secondary,1525.9
1982,Terengganu,Secondary,56.8
1983,Terengganu,Secondary,64.4
1984,Terengganu,Secondary,64
1985,Terengganu,Secondary,65.9
1986,Terengganu,Secondary,73.1
1987,Terengganu,Secondary,74.1
1988,Terengganu,Secondary,81.7
1989,Terengganu,Secondary,89.7
1990,Terengganu,Secondary,91.7
1992,Terengganu,Secondary,108.7
1993,Terengganu,Secondary,134.6
1995,Terengganu,Secondary,125.2
1996,Terengganu,Secondary,137.2
1997,Terengganu,Secondary,144.8
1998,Terengganu,Secondary,145.4
1999,Terengganu,Secondary,157.8
2000,Terengganu,Secondary,160.4
2001,Terengganu,Secondary,162.6
2002,Terengganu,Secondary,151.9
2003,Terengganu,Secondary,183.4
2004,Terengganu,Secondary,183.1
2005,Terengganu,Secondary,185.5
2006,Terengganu,Secondary,195.1
2007,Terengganu,Secondary,202.3
2008,Terengganu,Secondary,202.3
2009,Terengganu,Secondary,215.5
2010,Terengganu,Secondary,205.8
2011,Terengganu,Secondary,214.1
2012,Terengganu,Secondary,223.3
2013,Terengganu,Secondary,230.5
2014,Terengganu,Secondary,233.8
2015,Terengganu,Secondary,242.6
1982,Sabah,Secondary,117.7
1983,Sabah,Secondary,129
1984,Sabah,Secondary,129.7
1985,Sabah,Secondary,128.9
1986,Sabah,Secondary,132
1987,Sabah,Secondary,144.3
1988,Sabah,Secondary,150.2
1989,Sabah,Secondary,158.8
1990,Sabah,Secondary,170.6
1992,Sabah,Secondary,190.6
1993,Sabah,Secondary,304.4
1995,Sabah,Secondary,288
1996,Sabah,Secondary,406.6
1997,Sabah,Secondary,412.6
1998,Sabah,Secondary,437.2
1999,Sabah,Secondary,479.3
2000,Sabah,Secondary,423
2001,Sabah,Secondary,443.8
2002,Sabah,Secondary,456.2
2003,Sabah,Secondary,482.1
2004,Sabah,Secondary,493.8
2005,Sabah,Secondary,489.4
2006,Sabah,Secondary,535.4
2007,Sabah,Secondary,531.5
2008,Sabah,Secondary,559.8
2009,Sabah,Secondary,574.8
2010,Sabah,Secondary,596.7
2011,Sabah,Secondary,636.8
2012,Sabah,Secondary,701.2
2013,Sabah,Secondary,759.5
2014,Sabah,Secondary,739.4
2015,Sabah,Secondary,751.2
1982,Sarawak,Secondary,130.5
1983,Sarawak,Secondary,147.4
1984,Sarawak,Secondary,171.7
1985,Sarawak,Secondary,177.1
1986,Sarawak,Secondary,198.4
1987,Sarawak,Secondary,222.7
1988,Sarawak,Secondary,230.5
1989,Sarawak,Secondary,251.3
1990,Sarawak,Secondary,261.4
1992,Sarawak,Secondary,298.3
1993,Sarawak,Secondary,312.1
1995,Sarawak,Secondary,347.2
1996,Sarawak,Secondary,364.9
1997,Sarawak,Secondary,379
1998,Sarawak,Secondary,377.3
1999,Sarawak,Secondary,427.2
2000,Sarawak,Secondary,411.5
2001,Sarawak,Secondary,411.9
2002,Sarawak,Secondary,418.9
2003,Sarawak,Secondary,442.9
2004,Sarawak,Secondary,439.9
2005,Sarawak,Secondary,450.6
2006,Sarawak,Secondary,454.2
2007,Sarawak,Secondary,465.1
2008,Sarawak,Secondary,467.7
2009,Sarawak,Secondary,494.2
2010,Sarawak,Secondary,529.4
2011,Sarawak,Secondary,567.6
2012,Sarawak,Secondary,583.5
2013,Sarawak,Secondary,612.8
2014,Sarawak,Secondary,665.1
2015,Sarawak,Secondary,630.7
1982,W.P. Kuala Lumpur,Secondary,254.1
1983,W.P. Kuala Lumpur,Secondary,231.8
1984,W.P. Kuala Lumpur,Secondary,281.5
1985,W.P. Kuala Lumpur,Secondary,283.2
1986,W.P. Kuala Lumpur,Secondary,260.8
1987,W.P. Kuala Lumpur,Secondary,264.5
1988,W.P. Kuala Lumpur,Secondary,270.9
1989,W.P. Kuala Lumpur,Secondary,297.7
1990,W.P. Kuala Lumpur,Secondary,287.9
1992,W.P. Kuala Lumpur,Secondary,345.6
1993,W.P. Kuala Lumpur,Secondary,345.1
1995,W.P. Kuala Lumpur,Secondary,366.5
1996,W.P. Kuala Lumpur,Secondary,397.5
1997,W.P. Kuala Lumpur,Secondary,383.6
1998,W.P. Kuala Lumpur,Secondary,376.7
1999,W.P. Kuala Lumpur,Secondary,382.4
2000,W.P. Kuala Lumpur,Secondary,387.4
2001,W.P. Kuala Lumpur,Secondary,382.9
2002,W.P. Kuala Lumpur,Secondary,426.2
2003,W.P. Kuala Lumpur,Secondary,389.6
2004,W.P. Kuala Lumpur,Secondary,348.4
2005,W.P. Kuala Lumpur,Secondary,371.3
2006,W.P. Kuala Lumpur,Secondary,369.3
2007,W.P. Kuala Lumpur,Secondary,389.4
2008,W.P. Kuala Lumpur,Secondary,389.7
2009,W.P. Kuala Lumpur,Secondary,369.1
2010,W.P. Kuala Lumpur,Secondary,424.2
2011,W.P. Kuala Lumpur,Secondary,436.7
2012,W.P. Kuala Lumpur,Secondary,443.4
2013,W.P. Kuala Lumpur,Secondary,489.5
2014,W.P. Kuala Lumpur,Secondary,437.7
2015,W.P. Kuala Lumpur,Secondary,441.9
1982,W.P Labuan,Secondary,
1983,W.P Labuan,Secondary,
1984,W.P Labuan,Secondary,7.7
1985,W.P Labuan,Secondary,7.2
1986,W.P Labuan,Secondary,7
1987,W.P Labuan,Secondary,6.3
1988,W.P Labuan,Secondary,6.5
1989,W.P Labuan,Secondary,7.2
1990,W.P Labuan,Secondary,7.3
1992,W.P Labuan,Secondary,8.4
1993,W.P Labuan,Secondary,11.1
1995,W.P Labuan,Secondary,17.5
1996,W.P Labuan,Secondary,18.5
1997,W.P Labuan,Secondary,18.7
1998,W.P Labuan,Secondary,23.4
1999,W.P Labuan,Secondary,19.8
2000,W.P Labuan,Secondary,14.1
2001,W.P Labuan,Secondary,16.6
2002,W.P Labuan,Secondary,18.6
2003,W.P Labuan,Secondary,18.8
2004,W.P Labuan,Secondary,16.3
2005,W.P Labuan,Secondary,16.5
2006,W.P Labuan,Secondary,16.7
2007,W.P Labuan,Secondary,17.3
2008,W.P Labuan,Secondary,17.4
2009,W.P Labuan,Secondary,19.3
2010,W.P Labuan,Secondary,21.6
2011,W.P Labuan,Secondary,20.6
2012,W.P Labuan,Secondary,20.6
2013,W.P Labuan,Secondary,21.3
2014,W.P Labuan,Secondary,23.8
2015,W.P Labuan,Secondary,23.3
1982,W.P.Putrajaya,Secondary,
1983,W.P.Putrajaya,Secondary,
1984,W.P.Putrajaya,Secondary,
1985,W.P.Putrajaya,Secondary,
1986,W.P.Putrajaya,Secondary,
1987,W.P.Putrajaya,Secondary,
1988,W.P.Putrajaya,Secondary,
1989,W.P.Putrajaya,Secondary,
1990,W.P.Putrajaya,Secondary,
1992,W.P.Putrajaya,Secondary,
1993,W.P.Putrajaya,Secondary,
1995,W.P.Putrajaya,Secondary,
1996,W.P.Putrajaya,Secondary,
1997,W.P.Putrajaya,Secondary,
1998,W.P.Putrajaya,Secondary,
1999,W.P.Putrajaya,Secondary,
2000,W.P.Putrajaya,Secondary,
2001,W.P.Putrajaya,Secondary,
2002,W.P.Putrajaya,Secondary,
2003,W.P.Putrajaya,Secondary,
2004,W.P.Putrajaya,Secondary,
2005,W.P.Putrajaya,Secondary,
2006,W.P.Putrajaya,Secondary,
2007,W.P.Putrajaya,Secondary,
2008,W.P.Putrajaya,Secondary,
2009,W.P.Putrajaya,Secondary,
2010,W.P.Putrajaya,Secondary,
2011,W.P.Putrajaya,Secondary,13.2
2012,W.P.Putrajaya,Secondary,13.1
2013,W.P.Putrajaya,Secondary,12.8
2014,W.P.Putrajaya,Secondary,14.5
2015,W.P.Putrajaya,Secondary,11.9
1982,Malaysia, Tertiary,318.2
1983,Malaysia, Tertiary,327.9
1984,Malaysia, Tertiary,356.7
1985,Malaysia, Tertiary,385.9
1986,Malaysia, Tertiary,428.1
1987,Malaysia, Tertiary,459.4
1988,Malaysia, Tertiary,483
1989,Malaysia, Tertiary,523
1990,Malaysia, Tertiary,587.3
1992,Malaysia, Tertiary,712.3
1993,Malaysia, Tertiary,750.3
1995,Malaysia, Tertiary,852.1
1996,Malaysia, Tertiary,1003.8
1997,Malaysia, Tertiary,1097.2
1998,Malaysia, Tertiary,1131
1999,Malaysia, Tertiary,1164.4
2000,Malaysia, Tertiary,1338.7
2001,Malaysia, Tertiary,1441.7
2002,Malaysia, Tertiary,1588.4
2003,Malaysia, Tertiary,1724.7
2004,Malaysia, Tertiary,1832.2
2005,Malaysia, Tertiary,1908.1
2006,Malaysia, Tertiary,1975.2
2007,Malaysia, Tertiary,2121.9
2008,Malaysia, Tertiary,2244.7
2009,Malaysia, Tertiary,2541
2010,Malaysia, Tertiary,2788.6
2011,Malaysia, Tertiary,2987.1
2012,Malaysia, Tertiary,3086.3
2013,Malaysia, Tertiary,3246.6
2014,Malaysia, Tertiary,3578.4
2015,Malaysia, Tertiary,3853.3
1982,Johor, Tertiary,32.3
1983,Johor, Tertiary,26.7
1984,Johor, Tertiary,36.5
1985,Johor, Tertiary,41.7
1986,Johor, Tertiary,41.7
1987,Johor, Tertiary,48.9
1988,Johor, Tertiary,52.2
1989,Johor, Tertiary,55.3
1990,Johor, Tertiary,67.5
1992,Johor, Tertiary,76.2
1993,Johor, Tertiary,83
1995,Johor, Tertiary,80.3
1996,Johor, Tertiary,95.1
1997,Johor, Tertiary,101.6
1998,Johor, Tertiary,95.4
1999,Johor, Tertiary,89.6
2000,Johor, Tertiary,116.8
2001,Johor, Tertiary,129.5
2002,Johor, Tertiary,139.7
2003,Johor, Tertiary,158.9
2004,Johor, Tertiary,162.8
2005,Johor, Tertiary,182.5
2006,Johor, Tertiary,192.5
2007,Johor, Tertiary,201.1
2008,Johor, Tertiary,228.3
2009,Johor, Tertiary,249.1
2010,Johor, Tertiary,245.4
2011,Johor, Tertiary,268.9
2012,Johor, Tertiary,275.9
2013,Johor, Tertiary,293
2014,Johor, Tertiary,329.9
2015,Johor, Tertiary,348.9
1982,Kedah, Tertiary,16.3
1983,Kedah, Tertiary,20.6
1984,Kedah, Tertiary,22.6
1985,Kedah, Tertiary,23.1
1986,Kedah, Tertiary,25.2
1987,Kedah, Tertiary,25.9
1988,Kedah, Tertiary,26.4
1989,Kedah, Tertiary,27.2
1990,Kedah, Tertiary,35.1
1992,Kedah, Tertiary,36.5
1993,Kedah, Tertiary,40.9
1995,Kedah, Tertiary,42.8
1996,Kedah, Tertiary,40
1997,Kedah, Tertiary,52.2
1998,Kedah, Tertiary,59.7
1999,Kedah, Tertiary,69.4
2000,Kedah, Tertiary,80.2
2001,Kedah, Tertiary,79.1
2002,Kedah, Tertiary,75.9
2003,Kedah, Tertiary,97.4
2004,Kedah, Tertiary,89.1
2005,Kedah, Tertiary,99.6
2006,Kedah, Tertiary,101.7
2007,Kedah, Tertiary,109.8
2008,Kedah, Tertiary,130.5
2009,Kedah, Tertiary,148.5
2010,Kedah, Tertiary,144.7
2011,Kedah, Tertiary,155.4
2012,Kedah, Tertiary,141.4
2013,Kedah, Tertiary,162.1
2014,Kedah, Tertiary,196.3
2015,Kedah, Tertiary,201.8
1982,Kelantan, Tertiary,16.7
1983,Kelantan, Tertiary,21.9
1984,Kelantan, Tertiary,22.6
1985,Kelantan, Tertiary,22.3
1986,Kelantan, Tertiary,25.4
1987,Kelantan, Tertiary,28.9
1988,Kelantan, Tertiary,29.5
1989,Kelantan, Tertiary,31.8
1990,Kelantan, Tertiary,36.5
1992,Kelantan, Tertiary,44.6
1993,Kelantan, Tertiary,45.1
1995,Kelantan, Tertiary,49.3
1996,Kelantan, Tertiary,55
1997,Kelantan, Tertiary,51.7
1998,Kelantan, Tertiary,51.8
1999,Kelantan, Tertiary,55.3
2000,Kelantan, Tertiary,53.2
2001,Kelantan, Tertiary,62.5
2002,Kelantan, Tertiary,61.5
2003,Kelantan, Tertiary,78.1
2004,Kelantan, Tertiary,75.1
2005,Kelantan, Tertiary,72.6
2006,Kelantan, Tertiary,80.9
2007,Kelantan, Tertiary,85.7
2008,Kelantan, Tertiary,108.8
2009,Kelantan, Tertiary,109.4
2010,Kelantan, Tertiary,114
2011,Kelantan, Tertiary,127.2
2012,Kelantan, Tertiary,127
2013,Kelantan, Tertiary,130
2014,Kelantan, Tertiary,149.5
2015,Kelantan, Tertiary,171.9
1982,Melaka, Tertiary,10.2
1983,Melaka, Tertiary,10.3
1984,Melaka, Tertiary,9.6
1985,Melaka, Tertiary,10.7
1986,Melaka, Tertiary,13.7
1987,Melaka, Tertiary,13.8
1988,Melaka, Tertiary,14.8
1989,Melaka, Tertiary,15.6
1990,Melaka, Tertiary,19.5
1992,Melaka, Tertiary,17.5
1993,Melaka, Tertiary,12.1
1995,Melaka, Tertiary,21.5
1996,Melaka, Tertiary,22.7
1997,Melaka, Tertiary,32.4
1998,Melaka, Tertiary,31.1
1999,Melaka, Tertiary,31.1
2000,Melaka, Tertiary,29.3
2001,Melaka, Tertiary,34.8
2002,Melaka, Tertiary,37.1
2003,Melaka, Tertiary,40.2
2004,Melaka, Tertiary,44.6
2005,Melaka, Tertiary,47.3
2006,Melaka, Tertiary,54.7
2007,Melaka, Tertiary,62.4
2008,Melaka, Tertiary,67.1
2009,Melaka, Tertiary,68.7
2010,Melaka, Tertiary,77.3
2011,Melaka, Tertiary,83.2
2012,Melaka, Tertiary,87.7
2013,Melaka, Tertiary,89.4
2014,Melaka, Tertiary,105.5
2015,Melaka, Tertiary,116.3
1982,Negeri Sembilan, Tertiary,13.1
1983,Negeri Sembilan, Tertiary,12.1
1984,Negeri Sembilan, Tertiary,14.8
1985,Negeri Sembilan, Tertiary,12.1
1986,Negeri Sembilan, Tertiary,14.3
1987,Negeri Sembilan, Tertiary,14.8
1988,Negeri Sembilan, Tertiary,15.3
1989,Negeri Sembilan, Tertiary,13.3
1990,Negeri Sembilan, Tertiary,16.1
1992,Negeri Sembilan, Tertiary,21.1
1993,Negeri Sembilan, Tertiary,34.5
1995,Negeri Sembilan, Tertiary,28.3
1996,Negeri Sembilan, Tertiary,30.3
1997,Negeri Sembilan, Tertiary,33.3
1998,Negeri Sembilan, Tertiary,36.5
1999,Negeri Sembilan, Tertiary,32.4
2000,Negeri Sembilan, Tertiary,46
2001,Negeri Sembilan, Tertiary,51.2
2002,Negeri Sembilan, Tertiary,45.9
2003,Negeri Sembilan, Tertiary,53.1
2004,Negeri Sembilan, Tertiary,60.7
2005,Negeri Sembilan, Tertiary,65.7
2006,Negeri Sembilan, Tertiary,69.6
2007,Negeri Sembilan, Tertiary,75.3
2008,Negeri Sembilan, Tertiary,77.6
2009,Negeri Sembilan, Tertiary,86
2010,Negeri Sembilan, Tertiary,92.1
2011,Negeri Sembilan, Tertiary,93.7
2012,Negeri Sembilan, Tertiary,94.3
2013,Negeri Sembilan, Tertiary,107.9
2014,Negeri Sembilan, Tertiary,118.7
2015,Negeri Sembilan, Tertiary,115.5
1982,Pahang, Tertiary,15
1983,Pahang, Tertiary,16.6
1984,Pahang, Tertiary,15.3
1985,Pahang, Tertiary,16.9
1986,Pahang, Tertiary,19.4
1987,Pahang, Tertiary,23
1988,Pahang, Tertiary,18
1989,Pahang, Tertiary,25.6
1990,Pahang, Tertiary,37.2
1992,Pahang, Tertiary,31.6
1993,Pahang, Tertiary,33.1
1995,Pahang, Tertiary,30.1
1996,Pahang, Tertiary,38.4
1997,Pahang, Tertiary,39.9
1998,Pahang, Tertiary,33.9
1999,Pahang, Tertiary,33.5
2000,Pahang, Tertiary,52.3
2001,Pahang, Tertiary,47.6
2002,Pahang, Tertiary,46.5
2003,Pahang, Tertiary,56.9
2004,Pahang, Tertiary,62.8
2005,Pahang, Tertiary,63.3
2006,Pahang, Tertiary,68.9
2007,Pahang, Tertiary,82.6
2008,Pahang, Tertiary,92.4
2009,Pahang, Tertiary,106.9
2010,Pahang, Tertiary,108.3
2011,Pahang, Tertiary,114.3
2012,Pahang, Tertiary,124.6
2013,Pahang, Tertiary,131.7
2014,Pahang, Tertiary,143.3
2015,Pahang, Tertiary,153
1982,Pulau Pinang, Tertiary,23.1
1983,Pulau Pinang, Tertiary,26.2
1984,Pulau Pinang, Tertiary,25.7
1985,Pulau Pinang, Tertiary,30
1986,Pulau Pinang, Tertiary,31.8
1987,Pulau Pinang, Tertiary,27.1
1988,Pulau Pinang, Tertiary,34.6
1989,Pulau Pinang, Tertiary,37
1990,Pulau Pinang, Tertiary,39.6
1992,Pulau Pinang, Tertiary,54.1
1993,Pulau Pinang, Tertiary,54.3
1995,Pulau Pinang, Tertiary,57
1996,Pulau Pinang, Tertiary,55.2
1997,Pulau Pinang, Tertiary,73.6
1998,Pulau Pinang, Tertiary,82
1999,Pulau Pinang, Tertiary,91.4
2000,Pulau Pinang, Tertiary,102.2
2001,Pulau Pinang, Tertiary,126
2002,Pulau Pinang, Tertiary,123.1
2003,Pulau Pinang, Tertiary,132.4
2004,Pulau Pinang, Tertiary,115.8
2005,Pulau Pinang, Tertiary,139.7
2006,Pulau Pinang, Tertiary,145.1
2007,Pulau Pinang, Tertiary,153.3
2008,Pulau Pinang, Tertiary,171.5
2009,Pulau Pinang, Tertiary,180.2
2010,Pulau Pinang, Tertiary,193.9
2011,Pulau Pinang, Tertiary,206.1
2012,Pulau Pinang, Tertiary,208.6
2013,Pulau Pinang, Tertiary,208.3
2014,Pulau Pinang, Tertiary,236.8
2015,Pulau Pinang, Tertiary,252.1
1982,Perak, Tertiary,28.5
1983,Perak, Tertiary,27.3
1984,Perak, Tertiary,32.4
1985,Perak, Tertiary,36.6
1986,Perak, Tertiary,40.8
1987,Perak, Tertiary,41.1
1988,Perak, Tertiary,41.9
1989,Perak, Tertiary,44.3
1990,Perak, Tertiary,43.3
1992,Perak, Tertiary,55.5
1993,Perak, Tertiary,50.4
1995,Perak, Tertiary,45.1
1996,Perak, Tertiary,51.9
1997,Perak, Tertiary,68.3
1998,Perak, Tertiary,58.2
1999,Perak, Tertiary,53.1
2000,Perak, Tertiary,74.7
2001,Perak, Tertiary,65
2002,Perak, Tertiary,80.8
2003,Perak, Tertiary,77.3
2004,Perak, Tertiary,95.8
2005,Perak, Tertiary,100
2006,Perak, Tertiary,97.5
2007,Perak, Tertiary,113.2
2008,Perak, Tertiary,123.6
2009,Perak, Tertiary,156.6
2010,Perak, Tertiary,156.5
2011,Perak, Tertiary,174
2012,Perak, Tertiary,167.5
2013,Perak, Tertiary,171.1
2014,Perak, Tertiary,193.3
2015,Perak, Tertiary,213.2
1982,Perlis, Tertiary,3.2
1983,Perlis, Tertiary,1.9
1984,Perlis, Tertiary,3.2
1985,Perlis, Tertiary,4.3
1986,Perlis, Tertiary,3.4
1987,Perlis, Tertiary,4.2
1988,Perlis, Tertiary,3.7
1989,Perlis, Tertiary,5.4
1990,Perlis, Tertiary,3.8
1992,Perlis, Tertiary,6.4
1993,Perlis, Tertiary,4.6
1995,Perlis, Tertiary,5.9
1996,Perlis, Tertiary,7.4
1997,Perlis, Tertiary,7.2
1998,Perlis, Tertiary,7.3
1999,Perlis, Tertiary,9
2000,Perlis, Tertiary,9.6
2001,Perlis, Tertiary,8.6
2002,Perlis, Tertiary,8.5
2003,Perlis, Tertiary,10.1
2004,Perlis, Tertiary,10.3
2005,Perlis, Tertiary,12.7
2006,Perlis, Tertiary,11.9
2007,Perlis, Tertiary,14.8
2008,Perlis, Tertiary,17.6
2009,Perlis, Tertiary,18.8
2010,Perlis, Tertiary,18.5
2011,Perlis, Tertiary,19.1
2012,Perlis, Tertiary,18.3
2013,Perlis, Tertiary,19.3
2014,Perlis, Tertiary,23.9
2015,Perlis, Tertiary,25.2
1982,Selangor, Tertiary,73.3
1983,Selangor, Tertiary,72.1
1984,Selangor, Tertiary,76.7
1985,Selangor, Tertiary,79.1
1986,Selangor, Tertiary,96.5
1987,Selangor, Tertiary,108.4
1988,Selangor, Tertiary,120.2
1989,Selangor, Tertiary,129.1
1990,Selangor, Tertiary,144.7
1992,Selangor, Tertiary,176.7
1993,Selangor, Tertiary,167.9
1995,Selangor, Tertiary,249.4
1996,Selangor, Tertiary,279.1
1997,Selangor, Tertiary,278.6
1998,Selangor, Tertiary,311.7
1999,Selangor, Tertiary,301.1
2000,Selangor, Tertiary,390.9
2001,Selangor, Tertiary,395
2002,Selangor, Tertiary,481.1
2003,Selangor, Tertiary,520.6
2004,Selangor, Tertiary,586.7
2005,Selangor, Tertiary,593.8
2006,Selangor, Tertiary,604.4
2007,Selangor, Tertiary,627.9
2008,Selangor, Tertiary,608.5
2009,Selangor, Tertiary,716.9
2010,Selangor, Tertiary,889.3
2011,Selangor, Tertiary,912.6
2012,Selangor, Tertiary,987.9
2013,Selangor, Tertiary,1044.6
2014,Selangor, Tertiary,1095.5
2015,Selangor, Tertiary,1220.9
1982,Terengganu, Tertiary,10.3
1983,Terengganu, Tertiary,16.9
1984,Terengganu, Tertiary,12.2
1985,Terengganu, Tertiary,15.2
1986,Terengganu, Tertiary,16.5
1987,Terengganu, Tertiary,16.7
1988,Terengganu, Tertiary,19.7
1989,Terengganu, Tertiary,17.7
1990,Terengganu, Tertiary,16.9
1992,Terengganu, Tertiary,27.5
1993,Terengganu, Tertiary,27.1
1995,Terengganu, Tertiary,32.2
1996,Terengganu, Tertiary,31.1
1997,Terengganu, Tertiary,31.6
1998,Terengganu, Tertiary,32.7
1999,Terengganu, Tertiary,35.7
2000,Terengganu, Tertiary,41.3
2001,Terengganu, Tertiary,40.9
2002,Terengganu, Tertiary,40.1
2003,Terengganu, Tertiary,55
2004,Terengganu, Tertiary,55.7
2005,Terengganu, Tertiary,61.9
2006,Terengganu, Tertiary,64.7
2007,Terengganu, Tertiary,72.7
2008,Terengganu, Tertiary,85.8
2009,Terengganu, Tertiary,91.7
2010,Terengganu, Tertiary,85.1
2011,Terengganu, Tertiary,98.1
2012,Terengganu, Tertiary,93.9
2013,Terengganu, Tertiary,93.4
2014,Terengganu, Tertiary,109.1
2015,Terengganu, Tertiary,113.2
1982,Sabah, Tertiary,10.6
1983,Sabah, Tertiary,11.6
1984,Sabah, Tertiary,12.6
1985,Sabah, Tertiary,12.2
1986,Sabah, Tertiary,13.8
1987,Sabah, Tertiary,15.8
1988,Sabah, Tertiary,14.5
1989,Sabah, Tertiary,13.2
1990,Sabah, Tertiary,17.2
1992,Sabah, Tertiary,22.2
1993,Sabah, Tertiary,37.4
1995,Sabah, Tertiary,43.1
1996,Sabah, Tertiary,56.7
1997,Sabah, Tertiary,63.3
1998,Sabah, Tertiary,66
1999,Sabah, Tertiary,74.8
2000,Sabah, Tertiary,83.2
2001,Sabah, Tertiary,87.7
2002,Sabah, Tertiary,102.8
2003,Sabah, Tertiary,106.7
2004,Sabah, Tertiary,115.8
2005,Sabah, Tertiary,117.2
2006,Sabah, Tertiary,135
2007,Sabah, Tertiary,162.2
2008,Sabah, Tertiary,173
2009,Sabah, Tertiary,199.2
2010,Sabah, Tertiary,196.6
2011,Sabah, Tertiary,231
2012,Sabah, Tertiary,225.2
2013,Sabah, Tertiary,250.6
2014,Sabah, Tertiary,276.6
2015,Sabah, Tertiary,290.4
1982,Sarawak, Tertiary,20.9
1983,Sarawak, Tertiary,21.8
1984,Sarawak, Tertiary,24.5
1985,Sarawak, Tertiary,27.6
1986,Sarawak, Tertiary,31.1
1987,Sarawak, Tertiary,29.4
1988,Sarawak, Tertiary,29.3
1989,Sarawak, Tertiary,36.1
1990,Sarawak, Tertiary,39
1992,Sarawak, Tertiary,45.5
1993,Sarawak, Tertiary,58.1
1995,Sarawak, Tertiary,62.5
1996,Sarawak, Tertiary,72.8
1997,Sarawak, Tertiary,73.7
1998,Sarawak, Tertiary,76.5
1999,Sarawak, Tertiary,90.6
2000,Sarawak, Tertiary,79.4
2001,Sarawak, Tertiary,94.1
2002,Sarawak, Tertiary,95.1
2003,Sarawak, Tertiary,101.6
2004,Sarawak, Tertiary,121.4
2005,Sarawak, Tertiary,121.9
2006,Sarawak, Tertiary,120.3
2007,Sarawak, Tertiary,145.3
2008,Sarawak, Tertiary,136.5
2009,Sarawak, Tertiary,164
2010,Sarawak, Tertiary,170
2011,Sarawak, Tertiary,183.7
2012,Sarawak, Tertiary,207.5
2013,Sarawak, Tertiary,200.5
2014,Sarawak, Tertiary,226.4
2015,Sarawak, Tertiary,244
1982,W.P. Kuala Lumpur, Tertiary,44.6
1983,W.P. Kuala Lumpur, Tertiary,41.8
1984,W.P. Kuala Lumpur, Tertiary,47.3
1985,W.P. Kuala Lumpur, Tertiary,53.2
1986,W.P. Kuala Lumpur, Tertiary,53.7
1987,W.P. Kuala Lumpur, Tertiary,60.7
1988,W.P. Kuala Lumpur, Tertiary,62.4
1989,W.P. Kuala Lumpur, Tertiary,70.7
1990,W.P. Kuala Lumpur, Tertiary,69.6
1992,W.P. Kuala Lumpur, Tertiary,96.3
1993,W.P. Kuala Lumpur, Tertiary,100.8
1995,W.P. Kuala Lumpur, Tertiary,102.4
1996,W.P. Kuala Lumpur, Tertiary,164.9
1997,W.P. Kuala Lumpur, Tertiary,185.8
1998,W.P. Kuala Lumpur, Tertiary,185.1
1999,W.P. Kuala Lumpur, Tertiary,194.3
2000,W.P. Kuala Lumpur, Tertiary,176.8
2001,W.P. Kuala Lumpur, Tertiary,216.2
2002,W.P. Kuala Lumpur, Tertiary,246
2003,W.P. Kuala Lumpur, Tertiary,231.3
2004,W.P. Kuala Lumpur, Tertiary,230.2
2005,W.P. Kuala Lumpur, Tertiary,226.2
2006,W.P. Kuala Lumpur, Tertiary,223.9
2007,W.P. Kuala Lumpur, Tertiary,210.3
2008,W.P. Kuala Lumpur, Tertiary,218.1
2009,W.P. Kuala Lumpur, Tertiary,237.3
2010,W.P. Kuala Lumpur, Tertiary,287
2011,W.P. Kuala Lumpur, Tertiary,281.9
2012,W.P. Kuala Lumpur, Tertiary,288.6
2013,W.P. Kuala Lumpur, Tertiary,306
2014,W.P. Kuala Lumpur, Tertiary,338.7
2015,W.P. Kuala Lumpur, Tertiary,350.7
1982,W.P Labuan, Tertiary,
1983,W.P Labuan, Tertiary,
1984,W.P Labuan, Tertiary,0.8
1985,W.P Labuan, Tertiary,0.8
1986,W.P Labuan, Tertiary,0.8
1987,W.P Labuan, Tertiary,0.8
1988,W.P Labuan, Tertiary,0.7
1989,W.P Labuan, Tertiary,0.7
1990,W.P Labuan, Tertiary,1.4
1992,W.P Labuan, Tertiary,0.5
1993,W.P Labuan, Tertiary,1
1995,W.P Labuan, Tertiary,2.4
1996,W.P Labuan, Tertiary,3.4
1997,W.P Labuan, Tertiary,4.1
1998,W.P Labuan, Tertiary,3.3
1999,W.P Labuan, Tertiary,3
2000,W.P Labuan, Tertiary,2.8
2001,W.P Labuan, Tertiary,3.5
2002,W.P Labuan, Tertiary,4.5
2003,W.P Labuan, Tertiary,4.9
2004,W.P Labuan, Tertiary,5.7
2005,W.P Labuan, Tertiary,3.9
2006,W.P Labuan, Tertiary,4
2007,W.P Labuan, Tertiary,5.2
2008,W.P Labuan, Tertiary,5.5
2009,W.P Labuan, Tertiary,7.7
2010,W.P Labuan, Tertiary,9.8
2011,W.P Labuan, Tertiary,11
2012,W.P Labuan, Tertiary,11.9
2013,W.P Labuan, Tertiary,12.4
2014,W.P Labuan, Tertiary,9.8
2015,W.P Labuan, Tertiary,10.3
1982,W.P.Putrajaya, Tertiary,
1983,W.P.Putrajaya, Tertiary,
1984,W.P.Putrajaya, Tertiary,
1985,W.P.Putrajaya, Tertiary,
1986,W.P.Putrajaya, Tertiary,
1987,W.P.Putrajaya, Tertiary,
1988,W.P.Putrajaya, Tertiary,
1989,W.P.Putrajaya, Tertiary,
1990,W.P.Putrajaya, Tertiary,
1992,W.P.Putrajaya, Tertiary,
1993,W.P.Putrajaya, Tertiary,
1995,W.P.Putrajaya, Tertiary,
1996,W.P.Putrajaya, Tertiary,
1997,W.P.Putrajaya, Tertiary,
1998,W.P.Putrajaya, Tertiary,
1999,W.P.Putrajaya, Tertiary,
2000,W.P.Putrajaya, Tertiary,
2001,W.P.Putrajaya, Tertiary,
2002,W.P.Putrajaya, Tertiary,
2003,W.P.Putrajaya, Tertiary,
2004,W.P.Putrajaya, Tertiary,
2005,W.P.Putrajaya, Tertiary,
2006,W.P.Putrajaya, Tertiary,
2007,W.P.Putrajaya, Tertiary,
2008,W.P.Putrajaya, Tertiary,
2009,W.P.Putrajaya, Tertiary,
2010,W.P.Putrajaya, Tertiary,
2011,W.P.Putrajaya, Tertiary,26.6
2012,W.P.Putrajaya, Tertiary,25.9
2013,W.P.Putrajaya, Tertiary,26.3
2014,W.P.Putrajaya, Tertiary,25.1
2015,W.P.Putrajaya, Tertiary,25.9
